case_id;activity;timestamp;source
0;Start;2011-06-14 22:06:32 UTC;["[\"Start\"]"]
0;Start;2011-06-14 22:06:32 UTC;["[\"Start\"]"]
0;sleep;2011-06-14 22:06:32 UTC;["[\"sleep\"]"]
0;sleep;2011-06-15 01:38:29 UTC;["[\"sleep\"]"]
0;toilet;2011-06-15 01:38:44 UTC;["[\"toilet\"]"]
0;toilet;2011-06-15 01:41:22 UTC;["[\"toilet\"]"]
0;sleep;2011-06-15 01:41:31 UTC;["[\"sleep\"]"]
0;sleep;2011-06-15 06:46:23 UTC;["[\"sleep\"]"]
0;toilet;2011-06-15 06:46:36 UTC;["[\"toilet\"]"]
0;toilet;2011-06-15 06:49:39 UTC;["[\"toilet\"]"]
0;dress;2011-06-15 06:51:15 UTC;["[\"dress\"]"]
0;dress;2011-06-15 06:52:27 UTC;["[\"dress\"]"]
0;sleep;2011-06-15 06:54:15 UTC;["[\"sleep\"]"]
0;sleep;2011-06-15 07:48:31 UTC;["[\"sleep\"]"]
0;toilet;2011-06-15 07:48:54 UTC;["[\"toilet\"]"]
0;toilet;2011-06-15 07:55:42 UTC;["[\"toilet\"]"]
0;mealpreperation;2011-06-15 07:58:39 UTC;["[\"mealpreperation\"]"]
0;mealpreperation;2011-06-15 08:02:51 UTC;["[\"mealpreperation\"]"]
0;eatingdrinking;2011-06-15 08:02:55 UTC;["[\"eatingdrinking\"]"]
0;eatingdrinking;2011-06-15 08:26:50 UTC;["[\"eatingdrinking\"]"]
0;cleaning;2011-06-15 08:26:55 UTC;["[\"cleaning\"]"]
0;cleaning;2011-06-15 08:28:58 UTC;["[\"cleaning\"]"]
0;relax;2011-06-15 08:29:17 UTC;["[\"relax\"]"]
0;relax;2011-06-15 10:09:05 UTC;["[\"relax\"]"]
0;personalhygiene;2011-06-15 10:09:27 UTC;["[\"personalhygiene\"]"]
0;personalhygiene;2011-06-15 10:14:16 UTC;["[\"personalhygiene\"]"]
0;work;2011-06-15 10:14:20 UTC;["[\"work\"]"]
0;work;2011-06-15 10:40:35 UTC;["[\"work\"]"]
0;bathe;2011-06-15 10:40:37 UTC;["[\"bathe\"]"]
0;bathe;2011-06-15 10:52:01 UTC;["[\"bathe\"]"]
0;groom;2011-06-15 10:52:36 UTC;["[\"groom\"]"]
0;groom;2011-06-15 10:58:45 UTC;["[\"groom\"]"]
0;toilet;2011-06-15 10:59:26 UTC;["[\"toilet\"]"]
0;toilet;2011-06-15 11:01:16 UTC;["[\"toilet\"]"]
0;mealpreperation;2011-06-15 11:01:40 UTC;["[\"mealpreperation\"]"]
0;mealpreperation;2011-06-15 11:13:04 UTC;["[\"mealpreperation\"]"]
0;eatingdrinking;2011-06-15 11:13:07 UTC;["[\"eatingdrinking\"]"]
0;eatingdrinking;2011-06-15 11:36:31 UTC;["[\"eatingdrinking\"]"]
0;cleaning;2011-06-15 11:36:32 UTC;["[\"cleaning\"]"]
0;cleaning;2011-06-15 11:39:58 UTC;["[\"cleaning\"]"]
0;read;2011-06-15 11:42:39 UTC;["[\"read\"]"]
0;read;2011-06-15 13:19:35 UTC;["[\"read\"]"]
0;relax;2011-06-15 13:21:14 UTC;["[\"relax\"]"]
0;relax;2011-06-15 14:04:34 UTC;["[\"relax\"]"]
0;toilet;2011-06-15 14:05:37 UTC;["[\"toilet\"]"]
0;toilet;2011-06-15 14:07:54 UTC;["[\"toilet\"]"]
0;personalhygiene;2011-06-15 14:08:12 UTC;["[\"personalhygiene\"]"]
0;personalhygiene;2011-06-15 14:17:41 UTC;["[\"personalhygiene\"]"]
0;snack;2011-06-15 14:19:13 UTC;["[\"snack\"]"]
0;snack;2011-06-15 14:22:54 UTC;["[\"snack\"]"]
0;personalhygiene;2011-06-15 14:45:43 UTC;["[\"personalhygiene\"]"]
0;personalhygiene;2011-06-15 15:26:55 UTC;["[\"personalhygiene\"]"]
0;watchtv;2011-06-15 15:28:59 UTC;["[\"watchtv\"]"]
0;watchtv;2011-06-15 15:43:02 UTC;["[\"watchtv\"]"]
0;outdoors;2011-06-15 15:43:04 UTC;["[\"outdoors\"]"]
0;outdoors;2011-06-15 15:51:35 UTC;["[\"outdoors\"]"]
0;mealpreperation;2011-06-15 15:55:11 UTC;["[\"mealpreperation\"]"]
0;mealpreperation;2011-06-15 16:14:48 UTC;["[\"mealpreperation\"]"]
0;eatingdrinking;2011-06-15 16:14:53 UTC;["[\"eatingdrinking\"]"]
0;eatingdrinking;2011-06-15 16:21:49 UTC;["[\"eatingdrinking\"]"]
0;relax;2011-06-15 16:22:02 UTC;["[\"relax\"]"]
0;relax;2011-06-15 16:45:51 UTC;["[\"relax\"]"]
0;cleaning;2011-06-15 16:46:16 UTC;["[\"cleaning\"]"]
0;cleaning;2011-06-15 16:47:33 UTC;["[\"cleaning\"]"]
0;personalhygiene;2011-06-15 16:58:56 UTC;["[\"personalhygiene\"]"]
0;personalhygiene;2011-06-15 17:10:13 UTC;["[\"personalhygiene\"]"]
0;outdoors;2011-06-15 17:12:23 UTC;["[\"outdoors\"]"]
0;outdoors;2011-06-15 18:41:25 UTC;["[\"outdoors\"]"]
0;snack;2011-06-15 19:05:10 UTC;["[\"snack\"]"]
0;snack;2011-06-15 19:09:43 UTC;["[\"snack\"]"]
0;relax;2011-06-15 19:10:09 UTC;["[\"relax\"]"]
0;relax;2011-06-15 19:43:01 UTC;["[\"relax\"]"]
0;cleaning;2011-06-15 19:43:21 UTC;["[\"cleaning\"]"]
0;cleaning;2011-06-15 19:48:12 UTC;["[\"cleaning\"]"]
0;relax;2011-06-15 19:48:29 UTC;["[\"relax\"]"]
0;relax;2011-06-15 20:42:55 UTC;["[\"relax\"]"]
0;personalhygiene;2011-06-15 20:54:04 UTC;["[\"personalhygiene\"]"]
0;personalhygiene;2011-06-15 21:19:40 UTC;["[\"personalhygiene\"]"]
0;sleep;2011-06-15 21:20:09 UTC;["[\"sleep\"]"]
0;sleep;2011-06-16 05:00:40 UTC;["[\"sleep\"]"]
0;End;2011-06-16 05:00:40 UTC;["[\"End\"]"]
0;End;2011-06-16 05:00:40 UTC;["[\"End\"]"]
1;toilet;2011-06-16 05:00:53 UTC;["[\"toilet\"]"]
1;Start;2011-06-16 05:00:53 UTC;["[\"Start\"]"]
1;Start;2011-06-16 05:00:53 UTC;["[\"Start\"]"]
1;toilet;2011-06-16 05:05:10 UTC;["[\"toilet\"]"]
1;sleep;2011-06-16 05:07:03 UTC;["[\"sleep\"]"]
1;sleep;2011-06-16 06:01:44 UTC;["[\"sleep\"]"]
1;snack;2011-06-16 06:02:39 UTC;["[\"snack\"]"]
1;snack;2011-06-16 06:04:19 UTC;["[\"snack\"]"]
1;relax;2011-06-16 06:04:21 UTC;["[\"relax\"]"]
1;relax;2011-06-16 06:23:55 UTC;["[\"relax\"]"]
1;mealpreperation;2011-06-16 06:23:56 UTC;["[\"mealpreperation\"]"]
1;mealpreperation;2011-06-16 06:27:06 UTC;["[\"mealpreperation\"]"]
1;bathe;2011-06-16 06:29:58 UTC;["[\"bathe\"]"]
1;bathe;2011-06-16 06:49:27 UTC;["[\"bathe\"]"]
1;dress;2011-06-16 06:49:30 UTC;["[\"dress\"]"]
1;dress;2011-06-16 06:53:48 UTC;["[\"dress\"]"]
1;personalhygiene;2011-06-16 06:56:28 UTC;["[\"personalhygiene\"]"]
1;personalhygiene;2011-06-16 07:19:46 UTC;["[\"personalhygiene\"]"]
1;outdoors;2011-06-16 07:26:20 UTC;["[\"outdoors\"]"]
1;outdoors;2011-06-16 10:54:04 UTC;["[\"outdoors\"]"]
1;snack;2011-06-16 10:56:42 UTC;["[\"snack\"]"]
1;snack;2011-06-16 11:00:18 UTC;["[\"snack\"]"]
1;mealpreperation;2011-06-16 11:04:01 UTC;["[\"mealpreperation\"]"]
1;mealpreperation;2011-06-16 11:09:52 UTC;["[\"mealpreperation\"]"]
1;eatingdrinking;2011-06-16 11:09:53 UTC;["[\"eatingdrinking\"]"]
1;eatingdrinking;2011-06-16 11:26:21 UTC;["[\"eatingdrinking\"]"]
1;cleaning;2011-06-16 11:26:22 UTC;["[\"cleaning\"]"]
1;cleaning;2011-06-16 11:27:05 UTC;["[\"cleaning\"]"]
1;work;2011-06-16 11:36:00 UTC;["[\"work\"]"]
1;work;2011-06-16 11:42:24 UTC;["[\"work\"]"]
1;sleep;2011-06-16 11:44:57 UTC;["[\"sleep\"]"]
1;sleep;2011-06-16 12:45:17 UTC;["[\"sleep\"]"]
1;toilet;2011-06-16 12:45:32 UTC;["[\"toilet\"]"]
1;toilet;2011-06-16 12:51:42 UTC;["[\"toilet\"]"]
1;outdoors;2011-06-16 12:56:41 UTC;["[\"outdoors\"]"]
1;outdoors;2011-06-16 14:13:22 UTC;["[\"outdoors\"]"]
1;work;2011-06-16 14:13:29 UTC;["[\"work\"]"]
1;work;2011-06-16 14:18:02 UTC;["[\"work\"]"]
1;snack;2011-06-16 14:28:51 UTC;["[\"snack\"]"]
1;snack;2011-06-16 14:32:01 UTC;["[\"snack\"]"]
1;relax;2011-06-16 14:32:05 UTC;["[\"relax\"]"]
1;relax;2011-06-16 15:10:45 UTC;["[\"relax\"]"]
1;outdoors;2011-06-16 15:11:37 UTC;["[\"outdoors\"]"]
1;outdoors;2011-06-16 15:18:18 UTC;["[\"outdoors\"]"]
1;snack;2011-06-16 15:20:08 UTC;["[\"snack\"]"]
1;snack;2011-06-16 15:28:27 UTC;["[\"snack\"]"]
1;relax;2011-06-16 15:28:33 UTC;["[\"relax\"]"]
1;relax;2011-06-16 16:21:42 UTC;["[\"relax\"]"]
1;mealpreperation;2011-06-16 16:21:55 UTC;["[\"mealpreperation\"]"]
1;mealpreperation;2011-06-16 16:33:47 UTC;["[\"mealpreperation\"]"]
1;eatingdrinking;2011-06-16 16:33:52 UTC;["[\"eatingdrinking\"]"]
1;eatingdrinking;2011-06-16 16:54:21 UTC;["[\"eatingdrinking\"]"]
1;cleaning;2011-06-16 16:54:37 UTC;["[\"cleaning\"]"]
1;cleaning;2011-06-16 16:57:15 UTC;["[\"cleaning\"]"]
1;watchtv;2011-06-16 17:10:24 UTC;["[\"watchtv\"]"]
1;watchtv;2011-06-16 18:11:10 UTC;["[\"watchtv\"]"]
1;snack;2011-06-16 18:11:24 UTC;["[\"snack\"]"]
1;snack;2011-06-16 18:25:27 UTC;["[\"snack\"]"]
1;toilet;2011-06-16 18:25:50 UTC;["[\"toilet\"]"]
1;toilet;2011-06-16 18:28:11 UTC;["[\"toilet\"]"]
1;snack;2011-06-16 18:40:53 UTC;["[\"snack\"]"]
1;snack;2011-06-16 18:48:06 UTC;["[\"snack\"]"]
1;toilet;2011-06-16 18:49:29 UTC;["[\"toilet\"]"]
1;toilet;2011-06-16 18:50:19 UTC;["[\"toilet\"]"]
1;relax;2011-06-16 18:51:43 UTC;["[\"relax\"]"]
1;relax;2011-06-16 19:03:27 UTC;["[\"relax\"]"]
1;personalhygiene;2011-06-16 19:05:56 UTC;["[\"personalhygiene\"]"]
1;personalhygiene;2011-06-16 19:50:56 UTC;["[\"personalhygiene\"]"]
1;sleep;2011-06-16 19:52:07 UTC;["[\"sleep\"]"]
1;sleep;2011-06-17 02:35:20 UTC;["[\"sleep\"]"]
1;End;2011-06-17 02:35:20 UTC;["[\"End\"]"]
1;End;2011-06-17 02:35:20 UTC;["[\"End\"]"]
2;toilet;2011-06-17 02:35:43 UTC;["[\"toilet\"]"]
2;Start;2011-06-17 02:35:43 UTC;["[\"Start\"]"]
2;Start;2011-06-17 02:35:43 UTC;["[\"Start\"]"]
2;toilet;2011-06-17 02:38:44 UTC;["[\"toilet\"]"]
2;sleep;2011-06-17 02:38:54 UTC;["[\"sleep\"]"]
2;sleep;2011-06-17 06:22:45 UTC;["[\"sleep\"]"]
2;medication;2011-06-17 06:23:06 UTC;["[\"medication\"]"]
2;medication;2011-06-17 06:28:10 UTC;["[\"medication\"]"]
2;sleep;2011-06-17 06:29:53 UTC;["[\"sleep\"]"]
2;sleep;2011-06-17 07:52:42 UTC;["[\"sleep\"]"]
2;toilet;2011-06-17 07:53:22 UTC;["[\"toilet\"]"]
2;toilet;2011-06-17 07:58:27 UTC;["[\"toilet\"]"]
2;mealpreperation;2011-06-17 08:03:42 UTC;["[\"mealpreperation\"]"]
2;mealpreperation;2011-06-17 08:07:58 UTC;["[\"mealpreperation\"]"]
2;relax;2011-06-17 08:08:01 UTC;["[\"relax\"]"]
2;relax;2011-06-17 10:32:09 UTC;["[\"relax\"]"]
2;toilet;2011-06-17 10:32:16 UTC;["[\"toilet\"]"]
2;toilet;2011-06-17 10:35:00 UTC;["[\"toilet\"]"]
2;mealpreperation;2011-06-17 10:35:15 UTC;["[\"mealpreperation\"]"]
2;mealpreperation;2011-06-17 10:37:06 UTC;["[\"mealpreperation\"]"]
2;relax;2011-06-17 10:37:09 UTC;["[\"relax\"]"]
2;relax;2011-06-17 12:04:19 UTC;["[\"relax\"]"]
2;toilet;2011-06-17 12:04:25 UTC;["[\"toilet\"]"]
2;toilet;2011-06-17 12:06:35 UTC;["[\"toilet\"]"]
2;snack;2011-06-17 12:07:27 UTC;["[\"snack\"]"]
2;snack;2011-06-17 12:14:02 UTC;["[\"snack\"]"]
2;eatingdrinking;2011-06-17 12:14:05 UTC;["[\"eatingdrinking\"]"]
2;eatingdrinking;2011-06-17 12:30:31 UTC;["[\"eatingdrinking\"]"]
2;cleaning;2011-06-17 12:30:33 UTC;["[\"cleaning\"]"]
2;cleaning;2011-06-17 12:37:41 UTC;["[\"cleaning\"]"]
2;work;2011-06-17 12:39:31 UTC;["[\"work\"]"]
2;work;2011-06-17 12:56:17 UTC;["[\"work\"]"]
2;relax;2011-06-17 12:58:19 UTC;["[\"relax\"]"]
2;relax;2011-06-17 13:50:55 UTC;["[\"relax\"]"]
2;snack;2011-06-17 13:50:59 UTC;["[\"snack\"]"]
2;snack;2011-06-17 13:56:17 UTC;["[\"snack\"]"]
2;relax;2011-06-17 13:56:32 UTC;["[\"relax\"]"]
2;relax;2011-06-17 15:14:33 UTC;["[\"relax\"]"]
2;personalhygiene;2011-06-17 15:15:28 UTC;["[\"personalhygiene\"]"]
2;personalhygiene;2011-06-17 15:25:26 UTC;["[\"personalhygiene\"]"]
2;relax;2011-06-17 15:25:40 UTC;["[\"relax\"]"]
2;relax;2011-06-17 15:58:26 UTC;["[\"relax\"]"]
2;toilet;2011-06-17 15:58:36 UTC;["[\"toilet\"]"]
2;toilet;2011-06-17 16:01:03 UTC;["[\"toilet\"]"]
2;snack;2011-06-17 16:05:33 UTC;["[\"snack\"]"]
2;snack;2011-06-17 16:07:15 UTC;["[\"snack\"]"]
2;relax;2011-06-17 16:07:19 UTC;["[\"relax\"]"]
2;relax;2011-06-17 16:29:32 UTC;["[\"relax\"]"]
2;mealpreperation;2011-06-17 16:29:48 UTC;["[\"mealpreperation\"]"]
2;mealpreperation;2011-06-17 16:45:16 UTC;["[\"mealpreperation\"]"]
2;eatingdrinking;2011-06-17 16:45:29 UTC;["[\"eatingdrinking\"]"]
2;eatingdrinking;2011-06-17 16:58:58 UTC;["[\"eatingdrinking\"]"]
2;cleaning;2011-06-17 17:02:02 UTC;["[\"cleaning\"]"]
2;cleaning;2011-06-17 17:05:02 UTC;["[\"cleaning\"]"]
2;watchtv;2011-06-17 17:05:16 UTC;["[\"watchtv\"]"]
2;watchtv;2011-06-17 17:36:52 UTC;["[\"watchtv\"]"]
2;snack;2011-06-17 17:36:56 UTC;["[\"snack\"]"]
2;snack;2011-06-17 17:44:24 UTC;["[\"snack\"]"]
2;watchtv;2011-06-17 17:44:47 UTC;["[\"watchtv\"]"]
2;watchtv;2011-06-17 17:57:42 UTC;["[\"watchtv\"]"]
2;personalhygiene;2011-06-17 18:34:22 UTC;["[\"personalhygiene\"]"]
2;personalhygiene;2011-06-17 19:17:48 UTC;["[\"personalhygiene\"]"]
2;read;2011-06-17 19:18:28 UTC;["[\"read\"]"]
2;read;2011-06-17 20:36:11 UTC;["[\"read\"]"]
2;sleep;2011-06-17 20:48:52 UTC;["[\"sleep\"]"]
2;End;2011-06-18 05:33:24 UTC;["[\"End\"]"]
2;End;2011-06-18 05:33:24 UTC;["[\"End\"]"]
2;sleep;2011-06-18 05:33:24 UTC;["[\"sleep\"]"]
3;Start;2011-06-19 22:01:00 UTC;["[\"Start\"]"]
3;Start;2011-06-19 22:01:00 UTC;["[\"Start\"]"]
3;sleep;2011-06-19 22:01:00 UTC;["[\"sleep\"]"]
3;sleep;2011-06-20 02:42:33 UTC;["[\"sleep\"]"]
3;toilet;2011-06-20 02:43:00 UTC;["[\"toilet\"]"]
3;toilet;2011-06-20 02:47:06 UTC;["[\"toilet\"]"]
3;sleep;2011-06-20 02:47:14 UTC;["[\"sleep\"]"]
3;sleep;2011-06-20 06:47:13 UTC;["[\"sleep\"]"]
3;personalhygiene;2011-06-20 06:48:19 UTC;["[\"personalhygiene\"]"]
3;personalhygiene;2011-06-20 06:52:13 UTC;["[\"personalhygiene\"]"]
3;sleep;2011-06-20 06:54:16 UTC;["[\"sleep\"]"]
3;sleep;2011-06-20 08:14:38 UTC;["[\"sleep\"]"]
3;relax;2011-06-20 08:25:19 UTC;["[\"relax\"]"]
3;relax;2011-06-20 08:50:04 UTC;["[\"relax\"]"]
3;mealpreperation;2011-06-20 08:50:17 UTC;["[\"mealpreperation\"]"]
3;mealpreperation;2011-06-20 09:09:15 UTC;["[\"mealpreperation\"]"]
3;eatingdrinking;2011-06-20 09:09:33 UTC;["[\"eatingdrinking\"]"]
3;eatingdrinking;2011-06-20 09:17:46 UTC;["[\"eatingdrinking\"]"]
3;relax;2011-06-20 09:18:26 UTC;["[\"relax\"]"]
3;relax;2011-06-20 09:49:29 UTC;["[\"relax\"]"]
3;personalhygiene;2011-06-20 09:55:37 UTC;["[\"personalhygiene\"]"]
3;personalhygiene;2011-06-20 10:40:08 UTC;["[\"personalhygiene\"]"]
3;outdoors;2011-06-20 10:43:28 UTC;["[\"outdoors\"]"]
3;outdoors;2011-06-20 12:22:21 UTC;["[\"outdoors\"]"]
3;relax;2011-06-20 12:28:23 UTC;["[\"relax\"]"]
3;relax;2011-06-20 12:46:17 UTC;["[\"relax\"]"]
3;outdoors;2011-06-20 12:47:16 UTC;["[\"outdoors\"]"]
3;outdoors;2011-06-20 13:05:03 UTC;["[\"outdoors\"]"]
3;sleep;2011-06-20 13:08:21 UTC;["[\"sleep\"]"]
3;sleep;2011-06-20 15:46:31 UTC;["[\"sleep\"]"]
3;toilet;2011-06-20 15:49:00 UTC;["[\"toilet\"]"]
3;toilet;2011-06-20 15:51:36 UTC;["[\"toilet\"]"]
3;work;2011-06-20 16:05:52 UTC;["[\"work\"]"]
3;work;2011-06-20 16:13:00 UTC;["[\"work\"]"]
3;relax;2011-06-20 16:15:08 UTC;["[\"relax\"]"]
3;relax;2011-06-20 16:36:36 UTC;["[\"relax\"]"]
3;mealpreperation;2011-06-20 16:38:14 UTC;["[\"mealpreperation\"]"]
3;mealpreperation;2011-06-20 16:53:32 UTC;["[\"mealpreperation\"]"]
3;eatingdrinking;2011-06-20 16:53:44 UTC;["[\"eatingdrinking\"]"]
3;eatingdrinking;2011-06-20 17:07:09 UTC;["[\"eatingdrinking\"]"]
3;relax;2011-06-20 17:08:20 UTC;["[\"relax\"]"]
3;relax;2011-06-20 17:58:42 UTC;["[\"relax\"]"]
3;cleaning;2011-06-20 17:59:11 UTC;["[\"cleaning\"]"]
3;cleaning;2011-06-20 18:06:14 UTC;["[\"cleaning\"]"]
3;relax;2011-06-20 18:14:47 UTC;["[\"relax\"]"]
3;relax;2011-06-20 18:42:13 UTC;["[\"relax\"]"]
3;personalhygiene;2011-06-20 18:43:22 UTC;["[\"personalhygiene\"]"]
3;personalhygiene;2011-06-20 18:57:22 UTC;["[\"personalhygiene\"]"]
3;groom;2011-06-20 19:07:39 UTC;["[\"groom\"]"]
3;groom;2011-06-20 19:17:28 UTC;["[\"groom\"]"]
3;personalhygiene;2011-06-20 19:21:50 UTC;["[\"personalhygiene\"]"]
3;personalhygiene;2011-06-20 19:47:38 UTC;["[\"personalhygiene\"]"]
3;sleep;2011-06-20 19:48:26 UTC;["[\"sleep\"]"]
3;End;2011-06-21 01:47:30 UTC;["[\"End\"]"]
3;End;2011-06-21 01:47:30 UTC;["[\"End\"]"]
3;sleep;2011-06-21 01:47:30 UTC;["[\"sleep\"]"]
4;Start;2011-06-21 01:47:55 UTC;["[\"Start\"]"]
4;Start;2011-06-21 01:47:55 UTC;["[\"Start\"]"]
4;toilet;2011-06-21 01:47:55 UTC;["[\"toilet\"]"]
4;toilet;2011-06-21 01:50:11 UTC;["[\"toilet\"]"]
4;sleep;2011-06-21 01:50:21 UTC;["[\"sleep\"]"]
4;sleep;2011-06-21 07:00:48 UTC;["[\"sleep\"]"]
4;toilet;2011-06-21 07:01:53 UTC;["[\"toilet\"]"]
4;toilet;2011-06-21 07:04:53 UTC;["[\"toilet\"]"]
4;sleep;2011-06-21 07:06:38 UTC;["[\"sleep\"]"]
4;sleep;2011-06-21 07:48:30 UTC;["[\"sleep\"]"]
4;relax;2011-06-21 07:49:39 UTC;["[\"relax\"]"]
4;relax;2011-06-21 08:03:53 UTC;["[\"relax\"]"]
4;mealpreperation;2011-06-21 08:05:07 UTC;["[\"mealpreperation\"]"]
4;mealpreperation;2011-06-21 08:23:25 UTC;["[\"mealpreperation\"]"]
4;work;2011-06-21 08:26:31 UTC;["[\"work\"]"]
4;work;2011-06-21 08:43:45 UTC;["[\"work\"]"]
4;personalhygiene;2011-06-21 08:48:13 UTC;["[\"personalhygiene\"]"]
4;personalhygiene;2011-06-21 09:26:16 UTC;["[\"personalhygiene\"]"]
4;toilet;2011-06-21 09:31:13 UTC;["[\"toilet\"]"]
4;toilet;2011-06-21 09:36:29 UTC;["[\"toilet\"]"]
4;outdoors;2011-06-21 09:37:25 UTC;["[\"outdoors\"]"]
4;outdoors;2011-06-21 12:36:37 UTC;["[\"outdoors\"]"]
4;toilet;2011-06-21 12:37:39 UTC;["[\"toilet\"]"]
4;toilet;2011-06-21 12:42:13 UTC;["[\"toilet\"]"]
4;relax;2011-06-21 12:48:20 UTC;["[\"relax\"]"]
4;relax;2011-06-21 15:49:07 UTC;["[\"relax\"]"]
4;toilet;2011-06-21 15:59:34 UTC;["[\"toilet\"]"]
4;toilet;2011-06-21 16:02:59 UTC;["[\"toilet\"]"]
4;snack;2011-06-21 16:07:59 UTC;["[\"snack\"]"]
4;snack;2011-06-21 16:22:33 UTC;["[\"snack\"]"]
4;relax;2011-06-21 16:23:00 UTC;["[\"relax\"]"]
4;relax;2011-06-21 16:52:24 UTC;["[\"relax\"]"]
4;mealpreperation;2011-06-21 16:52:27 UTC;["[\"mealpreperation\"]"]
4;mealpreperation;2011-06-21 17:09:39 UTC;["[\"mealpreperation\"]"]
4;relax;2011-06-21 17:09:48 UTC;["[\"relax\"]"]
4;relax;2011-06-21 18:06:57 UTC;["[\"relax\"]"]
4;cleaning;2011-06-21 18:07:01 UTC;["[\"cleaning\"]"]
4;cleaning;2011-06-21 18:10:50 UTC;["[\"cleaning\"]"]
4;personalhygiene;2011-06-21 18:12:28 UTC;["[\"personalhygiene\"]"]
4;personalhygiene;2011-06-21 18:32:55 UTC;["[\"personalhygiene\"]"]
4;read;2011-06-21 18:33:03 UTC;["[\"read\"]"]
4;read;2011-06-21 18:54:16 UTC;["[\"read\"]"]
4;personalhygiene;2011-06-21 18:59:34 UTC;["[\"personalhygiene\"]"]
4;personalhygiene;2011-06-21 19:18:10 UTC;["[\"personalhygiene\"]"]
4;sleep;2011-06-21 19:18:30 UTC;["[\"sleep\"]"]
4;End;2011-06-22 01:04:37 UTC;["[\"End\"]"]
4;End;2011-06-22 01:04:37 UTC;["[\"End\"]"]
4;sleep;2011-06-22 01:04:37 UTC;["[\"sleep\"]"]
5;Start;2011-06-22 01:05:00 UTC;["[\"Start\"]"]
5;Start;2011-06-22 01:05:00 UTC;["[\"Start\"]"]
5;toilet;2011-06-22 01:05:00 UTC;["[\"toilet\"]"]
5;toilet;2011-06-22 01:08:00 UTC;["[\"toilet\"]"]
5;sleep;2011-06-22 01:08:10 UTC;["[\"sleep\"]"]
5;sleep;2011-06-22 04:54:32 UTC;["[\"sleep\"]"]
5;toilet;2011-06-22 04:54:48 UTC;["[\"toilet\"]"]
5;toilet;2011-06-22 05:00:18 UTC;["[\"toilet\"]"]
5;sleep;2011-06-22 05:01:43 UTC;["[\"sleep\"]"]
5;sleep;2011-06-22 08:38:23 UTC;["[\"sleep\"]"]
5;toilet;2011-06-22 08:39:21 UTC;["[\"toilet\"]"]
5;toilet;2011-06-22 08:43:01 UTC;["[\"toilet\"]"]
5;dress;2011-06-22 08:43:04 UTC;["[\"dress\"]"]
5;dress;2011-06-22 08:46:11 UTC;["[\"dress\"]"]
5;personalhygiene;2011-06-22 08:46:13 UTC;["[\"personalhygiene\"]"]
5;personalhygiene;2011-06-22 08:49:01 UTC;["[\"personalhygiene\"]"]
5;mealpreperation;2011-06-22 08:49:51 UTC;["[\"mealpreperation\"]"]
5;mealpreperation;2011-06-22 09:02:44 UTC;["[\"mealpreperation\"]"]
5;eatingdrinking;2011-06-22 09:02:45 UTC;["[\"eatingdrinking\"]"]
5;eatingdrinking;2011-06-22 09:19:01 UTC;["[\"eatingdrinking\"]"]
5;relax;2011-06-22 09:20:32 UTC;["[\"relax\"]"]
5;relax;2011-06-22 11:58:43 UTC;["[\"relax\"]"]
5;toilet;2011-06-22 11:59:28 UTC;["[\"toilet\"]"]
5;toilet;2011-06-22 12:03:17 UTC;["[\"toilet\"]"]
5;work;2011-06-22 12:03:18 UTC;["[\"work\"]"]
5;work;2011-06-22 12:47:03 UTC;["[\"work\"]"]
5;snack;2011-06-22 12:49:22 UTC;["[\"snack\"]"]
5;snack;2011-06-22 12:52:29 UTC;["[\"snack\"]"]
5;relax;2011-06-22 12:52:34 UTC;["[\"relax\"]"]
5;relax;2011-06-22 13:31:19 UTC;["[\"relax\"]"]
5;sleep;2011-06-22 13:32:53 UTC;["[\"sleep\"]"]
5;sleep;2011-06-22 14:51:12 UTC;["[\"sleep\"]"]
5;toilet;2011-06-22 14:52:23 UTC;["[\"toilet\"]"]
5;toilet;2011-06-22 14:54:06 UTC;["[\"toilet\"]"]
5;personalhygiene;2011-06-22 15:04:48 UTC;["[\"personalhygiene\"]"]
5;personalhygiene;2011-06-22 15:42:15 UTC;["[\"personalhygiene\"]"]
5;outdoors;2011-06-22 15:53:29 UTC;["[\"outdoors\"]"]
5;outdoors;2011-06-22 16:13:00 UTC;["[\"outdoors\"]"]
5;snack;2011-06-22 16:13:32 UTC;["[\"snack\"]"]
5;snack;2011-06-22 16:18:10 UTC;["[\"snack\"]"]
5;relax;2011-06-22 16:18:21 UTC;["[\"relax\"]"]
5;relax;2011-06-22 16:53:11 UTC;["[\"relax\"]"]
5;mealpreperation;2011-06-22 16:53:22 UTC;["[\"mealpreperation\"]"]
5;mealpreperation;2011-06-22 17:08:46 UTC;["[\"mealpreperation\"]"]
5;eatingdrinking;2011-06-22 17:10:49 UTC;["[\"eatingdrinking\"]"]
5;eatingdrinking;2011-06-22 17:31:17 UTC;["[\"eatingdrinking\"]"]
5;cleaning;2011-06-22 17:31:35 UTC;["[\"cleaning\"]"]
5;cleaning;2011-06-22 17:38:28 UTC;["[\"cleaning\"]"]
5;relax;2011-06-22 17:38:40 UTC;["[\"relax\"]"]
5;relax;2011-06-22 18:31:13 UTC;["[\"relax\"]"]
5;snack;2011-06-22 18:31:20 UTC;["[\"snack\"]"]
5;snack;2011-06-22 18:36:06 UTC;["[\"snack\"]"]
5;work;2011-06-22 19:09:53 UTC;["[\"work\"]"]
5;work;2011-06-22 19:18:16 UTC;["[\"work\"]"]
5;relax;2011-06-22 19:19:35 UTC;["[\"relax\"]"]
5;relax;2011-06-22 19:58:51 UTC;["[\"relax\"]"]
5;personalhygiene;2011-06-22 20:07:36 UTC;["[\"personalhygiene\"]"]
5;personalhygiene;2011-06-22 20:31:54 UTC;["[\"personalhygiene\"]"]
5;sleep;2011-06-22 20:34:56 UTC;["[\"sleep\"]"]
5;End;2011-06-23 06:00:40 UTC;["[\"End\"]"]
5;End;2011-06-23 06:00:40 UTC;["[\"End\"]"]
5;sleep;2011-06-23 06:00:40 UTC;["[\"sleep\"]"]
6;Start;2011-06-23 06:01:23 UTC;["[\"Start\"]"]
6;Start;2011-06-23 06:01:23 UTC;["[\"Start\"]"]
6;toilet;2011-06-23 06:01:23 UTC;["[\"toilet\"]"]
6;toilet;2011-06-23 06:03:57 UTC;["[\"toilet\"]"]
6;relax;2011-06-23 06:05:44 UTC;["[\"relax\"]"]
6;relax;2011-06-23 06:34:13 UTC;["[\"relax\"]"]
6;mealpreperation;2011-06-23 06:36:24 UTC;["[\"mealpreperation\"]"]
6;mealpreperation;2011-06-23 06:47:56 UTC;["[\"mealpreperation\"]"]
6;groom;2011-06-23 06:49:28 UTC;["[\"groom\"]"]
6;groom;2011-06-23 06:58:40 UTC;["[\"groom\"]"]
6;bathe;2011-06-23 06:58:42 UTC;["[\"bathe\"]"]
6;bathe;2011-06-23 07:14:10 UTC;["[\"bathe\"]"]
6;dress;2011-06-23 07:14:11 UTC;["[\"dress\"]"]
6;dress;2011-06-23 07:19:54 UTC;["[\"dress\"]"]
6;personalhygiene;2011-06-23 07:20:32 UTC;["[\"personalhygiene\"]"]
6;personalhygiene;2011-06-23 07:31:35 UTC;["[\"personalhygiene\"]"]
6;outdoors;2011-06-23 07:34:33 UTC;["[\"outdoors\"]"]
6;outdoors;2011-06-23 10:54:19 UTC;["[\"outdoors\"]"]
6;snack;2011-06-23 10:58:31 UTC;["[\"snack\"]"]
6;snack;2011-06-23 11:23:56 UTC;["[\"snack\"]"]
6;eatingdrinking;2011-06-23 11:24:00 UTC;["[\"eatingdrinking\"]"]
6;eatingdrinking;2011-06-23 11:47:50 UTC;["[\"eatingdrinking\"]"]
6;personalhygiene;2011-06-23 11:55:27 UTC;["[\"personalhygiene\"]"]
6;personalhygiene;2011-06-23 12:06:19 UTC;["[\"personalhygiene\"]"]
6;outdoors;2011-06-23 12:08:41 UTC;["[\"outdoors\"]"]
6;outdoors;2011-06-23 13:16:06 UTC;["[\"outdoors\"]"]
6;relax;2011-06-23 13:17:00 UTC;["[\"relax\"]"]
6;relax;2011-06-23 14:59:59 UTC;["[\"relax\"]"]
6;snack;2011-06-23 15:00:08 UTC;["[\"snack\"]"]
6;snack;2011-06-23 15:08:15 UTC;["[\"snack\"]"]
6;relax;2011-06-23 15:08:19 UTC;["[\"relax\"]"]
6;relax;2011-06-23 15:22:26 UTC;["[\"relax\"]"]
6;mealpreperation;2011-06-23 15:29:07 UTC;["[\"mealpreperation\"]"]
6;mealpreperation;2011-06-23 15:44:14 UTC;["[\"mealpreperation\"]"]
6;eatingdrinking;2011-06-23 15:44:21 UTC;["[\"eatingdrinking\"]"]
6;eatingdrinking;2011-06-23 15:59:23 UTC;["[\"eatingdrinking\"]"]
6;personalhygiene;2011-06-23 16:05:44 UTC;["[\"personalhygiene\"]"]
6;personalhygiene;2011-06-23 16:14:21 UTC;["[\"personalhygiene\"]"]
6;relax;2011-06-23 16:16:32 UTC;["[\"relax\"]"]
6;relax;2011-06-23 18:25:59 UTC;["[\"relax\"]"]
6;personalhygiene;2011-06-23 18:43:20 UTC;["[\"personalhygiene\"]"]
6;personalhygiene;2011-06-23 19:26:58 UTC;["[\"personalhygiene\"]"]
6;sleep;2011-06-23 19:28:52 UTC;["[\"sleep\"]"]
6;End;2011-06-24 01:03:53 UTC;["[\"End\"]"]
6;End;2011-06-24 01:03:53 UTC;["[\"End\"]"]
6;sleep;2011-06-24 01:03:53 UTC;["[\"sleep\"]"]
7;toilet;2011-06-24 01:04:10 UTC;["[\"toilet\"]"]
7;Start;2011-06-24 01:04:10 UTC;["[\"Start\"]"]
7;Start;2011-06-24 01:04:10 UTC;["[\"Start\"]"]
7;toilet;2011-06-24 01:06:18 UTC;["[\"toilet\"]"]
7;sleep;2011-06-24 01:06:26 UTC;["[\"sleep\"]"]
7;sleep;2011-06-24 04:42:55 UTC;["[\"sleep\"]"]
7;toilet;2011-06-24 04:43:05 UTC;["[\"toilet\"]"]
7;toilet;2011-06-24 04:47:03 UTC;["[\"toilet\"]"]
7;sleep;2011-06-24 04:47:12 UTC;["[\"sleep\"]"]
7;sleep;2011-06-24 06:32:36 UTC;["[\"sleep\"]"]
7;toilet;2011-06-24 06:33:37 UTC;["[\"toilet\"]"]
7;toilet;2011-06-24 06:36:21 UTC;["[\"toilet\"]"]
7;relax;2011-06-24 06:37:50 UTC;["[\"relax\"]"]
7;relax;2011-06-24 07:10:27 UTC;["[\"relax\"]"]
7;snack;2011-06-24 07:16:13 UTC;["[\"snack\"]"]
7;snack;2011-06-24 07:22:06 UTC;["[\"snack\"]"]
7;toilet;2011-06-24 07:30:10 UTC;["[\"toilet\"]"]
7;toilet;2011-06-24 07:35:29 UTC;["[\"toilet\"]"]
7;bathe;2011-06-24 07:40:36 UTC;["[\"bathe\"]"]
7;bathe;2011-06-24 07:57:28 UTC;["[\"bathe\"]"]
7;dress;2011-06-24 07:57:30 UTC;["[\"dress\"]"]
7;dress;2011-06-24 08:04:04 UTC;["[\"dress\"]"]
7;personalhygiene;2011-06-24 08:04:25 UTC;["[\"personalhygiene\"]"]
7;personalhygiene;2011-06-24 08:17:19 UTC;["[\"personalhygiene\"]"]
7;toilet;2011-06-24 08:28:03 UTC;["[\"toilet\"]"]
7;toilet;2011-06-24 08:31:32 UTC;["[\"toilet\"]"]
7;outdoors;2011-06-24 08:34:22 UTC;["[\"outdoors\"]"]
7;outdoors;2011-06-24 11:16:35 UTC;["[\"outdoors\"]"]
7;personalhygiene;2011-06-24 11:24:48 UTC;["[\"personalhygiene\"]"]
7;personalhygiene;2011-06-24 11:35:25 UTC;["[\"personalhygiene\"]"]
7;outdoors;2011-06-24 12:02:13 UTC;["[\"outdoors\"]"]
7;outdoors;2011-06-24 12:09:51 UTC;["[\"outdoors\"]"]
7;sleep;2011-06-24 12:10:26 UTC;["[\"sleep\"]"]
7;sleep;2011-06-24 14:51:51 UTC;["[\"sleep\"]"]
7;toilet;2011-06-24 14:55:13 UTC;["[\"toilet\"]"]
7;toilet;2011-06-24 14:58:50 UTC;["[\"toilet\"]"]
7;relax;2011-06-24 15:04:54 UTC;["[\"relax\"]"]
7;relax;2011-06-24 16:13:12 UTC;["[\"relax\"]"]
7;mealpreperation;2011-06-24 16:18:34 UTC;["[\"mealpreperation\"]"]
7;mealpreperation;2011-06-24 16:40:19 UTC;["[\"mealpreperation\"]"]
7;eatingdrinking;2011-06-24 16:40:21 UTC;["[\"eatingdrinking\"]"]
7;eatingdrinking;2011-06-24 17:01:17 UTC;["[\"eatingdrinking\"]"]
7;cleaning;2011-06-24 17:01:25 UTC;["[\"cleaning\"]"]
7;cleaning;2011-06-24 17:04:13 UTC;["[\"cleaning\"]"]
7;relax;2011-06-24 17:04:16 UTC;["[\"relax\"]"]
7;relax;2011-06-24 17:57:43 UTC;["[\"relax\"]"]
7;personalhygiene;2011-06-24 18:08:58 UTC;["[\"personalhygiene\"]"]
7;personalhygiene;2011-06-24 18:15:34 UTC;["[\"personalhygiene\"]"]
7;relax;2011-06-24 18:28:27 UTC;["[\"relax\"]"]
7;relax;2011-06-24 18:48:08 UTC;["[\"relax\"]"]
7;personalhygiene;2011-06-24 18:52:51 UTC;["[\"personalhygiene\"]"]
7;personalhygiene;2011-06-24 19:24:26 UTC;["[\"personalhygiene\"]"]
7;sleep;2011-06-24 19:25:35 UTC;["[\"sleep\"]"]
7;End;2011-06-25 00:41:44 UTC;["[\"End\"]"]
7;End;2011-06-25 00:41:44 UTC;["[\"End\"]"]
7;sleep;2011-06-25 00:41:44 UTC;["[\"sleep\"]"]
8;Start;2011-06-27 02:21:07 UTC;["[\"Start\"]"]
8;Start;2011-06-27 02:21:07 UTC;["[\"Start\"]"]
8;toilet;2011-06-27 02:21:07 UTC;["[\"toilet\"]"]
8;toilet;2011-06-27 02:23:50 UTC;["[\"toilet\"]"]
8;sleep;2011-06-27 02:24:00 UTC;["[\"sleep\"]"]
8;sleep;2011-06-27 06:06:00 UTC;["[\"sleep\"]"]
8;medication;2011-06-27 06:06:13 UTC;["[\"medication\"]"]
8;medication;2011-06-27 06:09:22 UTC;["[\"medication\"]"]
8;sleep;2011-06-27 06:11:26 UTC;["[\"sleep\"]"]
8;sleep;2011-06-27 07:23:39 UTC;["[\"sleep\"]"]
8;toilet;2011-06-27 07:25:26 UTC;["[\"toilet\"]"]
8;toilet;2011-06-27 07:27:30 UTC;["[\"toilet\"]"]
8;personalhygiene;2011-06-27 07:28:13 UTC;["[\"personalhygiene\"]"]
8;personalhygiene;2011-06-27 07:33:06 UTC;["[\"personalhygiene\"]"]
8;relax;2011-06-27 07:34:51 UTC;["[\"relax\"]"]
8;relax;2011-06-27 07:43:32 UTC;["[\"relax\"]"]
8;mealpreperation;2011-06-27 07:43:39 UTC;["[\"mealpreperation\"]"]
8;mealpreperation;2011-06-27 07:51:36 UTC;["[\"mealpreperation\"]"]
8;eatingdrinking;2011-06-27 07:51:38 UTC;["[\"eatingdrinking\"]"]
8;eatingdrinking;2011-06-27 08:15:31 UTC;["[\"eatingdrinking\"]"]
8;cleaning;2011-06-27 08:15:41 UTC;["[\"cleaning\"]"]
8;cleaning;2011-06-27 08:24:43 UTC;["[\"cleaning\"]"]
8;relax;2011-06-27 08:24:55 UTC;["[\"relax\"]"]
8;relax;2011-06-27 09:15:08 UTC;["[\"relax\"]"]
8;personalhygiene;2011-06-27 09:15:38 UTC;["[\"personalhygiene\"]"]
8;personalhygiene;2011-06-27 09:24:06 UTC;["[\"personalhygiene\"]"]
8;groom;2011-06-27 09:24:11 UTC;["[\"groom\"]"]
8;groom;2011-06-27 09:32:58 UTC;["[\"groom\"]"]
8;personalhygiene;2011-06-27 09:33:05 UTC;["[\"personalhygiene\"]"]
8;personalhygiene;2011-06-27 10:02:33 UTC;["[\"personalhygiene\"]"]
8;relax;2011-06-27 10:02:35 UTC;["[\"relax\"]"]
8;relax;2011-06-27 10:10:00 UTC;["[\"relax\"]"]
8;personalhygiene;2011-06-27 10:17:43 UTC;["[\"personalhygiene\"]"]
8;personalhygiene;2011-06-27 10:34:45 UTC;["[\"personalhygiene\"]"]
8;relax;2011-06-27 10:42:53 UTC;["[\"relax\"]"]
8;relax;2011-06-27 11:17:09 UTC;["[\"relax\"]"]
8;snack;2011-06-27 11:35:50 UTC;["[\"snack\"]"]
8;snack;2011-06-27 11:41:17 UTC;["[\"snack\"]"]
8;personalhygiene;2011-06-27 11:50:29 UTC;["[\"personalhygiene\"]"]
8;personalhygiene;2011-06-27 12:00:46 UTC;["[\"personalhygiene\"]"]
8;relax;2011-06-27 12:44:56 UTC;["[\"relax\"]"]
8;relax;2011-06-27 12:54:44 UTC;["[\"relax\"]"]
8;personalhygiene;2011-06-27 13:26:11 UTC;["[\"personalhygiene\"]"]
8;personalhygiene;2011-06-27 13:34:53 UTC;["[\"personalhygiene\"]"]
8;toilet;2011-06-27 13:37:29 UTC;["[\"toilet\"]"]
8;toilet;2011-06-27 13:38:52 UTC;["[\"toilet\"]"]
8;relax;2011-06-27 13:41:24 UTC;["[\"relax\"]"]
8;relax;2011-06-27 15:58:22 UTC;["[\"relax\"]"]
8;personalhygiene;2011-06-27 15:58:52 UTC;["[\"personalhygiene\"]"]
8;personalhygiene;2011-06-27 16:13:39 UTC;["[\"personalhygiene\"]"]
8;outdoors;2011-06-27 16:18:36 UTC;["[\"outdoors\"]"]
8;outdoors;2011-06-27 16:23:17 UTC;["[\"outdoors\"]"]
8;relax;2011-06-27 16:23:43 UTC;["[\"relax\"]"]
8;relax;2011-06-27 16:38:35 UTC;["[\"relax\"]"]
8;mealpreperation;2011-06-27 16:48:17 UTC;["[\"mealpreperation\"]"]
8;mealpreperation;2011-06-27 17:18:18 UTC;["[\"mealpreperation\"]"]
8;eatingdrinking;2011-06-27 17:18:21 UTC;["[\"eatingdrinking\"]"]
8;eatingdrinking;2011-06-27 17:31:03 UTC;["[\"eatingdrinking\"]"]
8;relax;2011-06-27 17:32:41 UTC;["[\"relax\"]"]
8;relax;2011-06-27 18:16:21 UTC;["[\"relax\"]"]
8;snack;2011-06-27 18:17:20 UTC;["[\"snack\"]"]
8;snack;2011-06-27 18:31:43 UTC;["[\"snack\"]"]
8;read;2011-06-27 18:33:12 UTC;["[\"read\"]"]
8;read;2011-06-27 19:39:40 UTC;["[\"read\"]"]
8;personalhygiene;2011-06-27 19:39:44 UTC;["[\"personalhygiene\"]"]
8;personalhygiene;2011-06-27 20:12:40 UTC;["[\"personalhygiene\"]"]
8;sleep;2011-06-27 20:13:25 UTC;["[\"sleep\"]"]
8;End;2011-06-28 00:40:54 UTC;["[\"End\"]"]
8;End;2011-06-28 00:40:54 UTC;["[\"End\"]"]
8;sleep;2011-06-28 00:40:54 UTC;["[\"sleep\"]"]
9;Start;2011-06-28 00:41:11 UTC;["[\"Start\"]"]
9;toilet;2011-06-28 00:41:11 UTC;["[\"toilet\"]"]
9;Start;2011-06-28 00:41:11 UTC;["[\"Start\"]"]
9;toilet;2011-06-28 00:44:58 UTC;["[\"toilet\"]"]
9;sleep;2011-06-28 00:45:06 UTC;["[\"sleep\"]"]
9;sleep;2011-06-28 03:48:28 UTC;["[\"sleep\"]"]
9;toilet;2011-06-28 03:49:11 UTC;["[\"toilet\"]"]
9;toilet;2011-06-28 03:52:18 UTC;["[\"toilet\"]"]
9;sleep;2011-06-28 03:52:29 UTC;["[\"sleep\"]"]
9;sleep;2011-06-28 06:23:03 UTC;["[\"sleep\"]"]
9;toilet;2011-06-28 06:23:55 UTC;["[\"toilet\"]"]
9;toilet;2011-06-28 06:27:19 UTC;["[\"toilet\"]"]
9;sleep;2011-06-28 06:28:48 UTC;["[\"sleep\"]"]
9;sleep;2011-06-28 07:49:56 UTC;["[\"sleep\"]"]
9;relax;2011-06-28 07:51:44 UTC;["[\"relax\"]"]
9;relax;2011-06-28 08:22:00 UTC;["[\"relax\"]"]
9;mealpreperation;2011-06-28 08:23:14 UTC;["[\"mealpreperation\"]"]
9;mealpreperation;2011-06-28 08:35:08 UTC;["[\"mealpreperation\"]"]
9;personalhygiene;2011-06-28 08:46:59 UTC;["[\"personalhygiene\"]"]
9;personalhygiene;2011-06-28 09:05:00 UTC;["[\"personalhygiene\"]"]
9;dress;2011-06-28 09:05:02 UTC;["[\"dress\"]"]
9;dress;2011-06-28 09:10:04 UTC;["[\"dress\"]"]
9;groom;2011-06-28 09:10:06 UTC;["[\"groom\"]"]
9;groom;2011-06-28 09:19:27 UTC;["[\"groom\"]"]
9;outdoors;2011-06-28 09:21:42 UTC;["[\"outdoors\"]"]
9;outdoors;2011-06-28 10:05:33 UTC;["[\"outdoors\"]"]
9;toilet;2011-06-28 10:05:48 UTC;["[\"toilet\"]"]
9;toilet;2011-06-28 10:07:50 UTC;["[\"toilet\"]"]
9;outdoors;2011-06-28 10:09:27 UTC;["[\"outdoors\"]"]
9;outdoors;2011-06-28 10:17:49 UTC;["[\"outdoors\"]"]
9;relax;2011-06-28 10:23:49 UTC;["[\"relax\"]"]
9;relax;2011-06-28 11:22:12 UTC;["[\"relax\"]"]
9;outdoors;2011-06-28 11:22:17 UTC;["[\"outdoors\"]"]
9;outdoors;2011-06-28 11:25:37 UTC;["[\"outdoors\"]"]
9;toilet;2011-06-28 11:26:09 UTC;["[\"toilet\"]"]
9;toilet;2011-06-28 11:29:39 UTC;["[\"toilet\"]"]
9;relax;2011-06-28 11:34:10 UTC;["[\"relax\"]"]
9;relax;2011-06-28 11:44:06 UTC;["[\"relax\"]"]
9;mealpreperation;2011-06-28 11:44:29 UTC;["[\"mealpreperation\"]"]
9;mealpreperation;2011-06-28 12:00:01 UTC;["[\"mealpreperation\"]"]
9;eatingdrinking;2011-06-28 12:00:29 UTC;["[\"eatingdrinking\"]"]
9;eatingdrinking;2011-06-28 12:06:11 UTC;["[\"eatingdrinking\"]"]
9;outdoors;2011-06-28 12:06:13 UTC;["[\"outdoors\"]"]
9;outdoors;2011-06-28 12:08:13 UTC;["[\"outdoors\"]"]
9;sleep;2011-06-28 12:16:51 UTC;["[\"sleep\"]"]
9;sleep;2011-06-28 13:07:59 UTC;["[\"sleep\"]"]
9;relax;2011-06-28 13:13:21 UTC;["[\"relax\"]"]
9;relax;2011-06-28 15:34:52 UTC;["[\"relax\"]"]
9;personalhygiene;2011-06-28 15:36:15 UTC;["[\"personalhygiene\"]"]
9;personalhygiene;2011-06-28 15:45:32 UTC;["[\"personalhygiene\"]"]
9;relax;2011-06-28 16:07:39 UTC;["[\"relax\"]"]
9;relax;2011-06-28 17:04:37 UTC;["[\"relax\"]"]
9;snack;2011-06-28 17:05:34 UTC;["[\"snack\"]"]
9;snack;2011-06-28 17:13:56 UTC;["[\"snack\"]"]
9;mealpreperation;2011-06-28 17:15:41 UTC;["[\"mealpreperation\"]"]
9;mealpreperation;2011-06-28 17:24:15 UTC;["[\"mealpreperation\"]"]
9;eatingdrinking;2011-06-28 17:24:20 UTC;["[\"eatingdrinking\"]"]
9;eatingdrinking;2011-06-28 17:44:04 UTC;["[\"eatingdrinking\"]"]
9;cleaning;2011-06-28 17:44:06 UTC;["[\"cleaning\"]"]
9;cleaning;2011-06-28 17:50:38 UTC;["[\"cleaning\"]"]
9;relax;2011-06-28 17:50:51 UTC;["[\"relax\"]"]
9;relax;2011-06-28 18:18:45 UTC;["[\"relax\"]"]
9;snack;2011-06-28 18:18:48 UTC;["[\"snack\"]"]
9;snack;2011-06-28 18:27:36 UTC;["[\"snack\"]"]
9;relax;2011-06-28 18:34:25 UTC;["[\"relax\"]"]
9;relax;2011-06-28 19:30:17 UTC;["[\"relax\"]"]
9;read;2011-06-28 19:33:58 UTC;["[\"read\"]"]
9;read;2011-06-28 19:45:37 UTC;["[\"read\"]"]
9;personalhygiene;2011-06-28 19:45:42 UTC;["[\"personalhygiene\"]"]
9;personalhygiene;2011-06-28 20:18:11 UTC;["[\"personalhygiene\"]"]
9;sleep;2011-06-28 20:18:27 UTC;["[\"sleep\"]"]
9;End;2011-06-29 00:58:53 UTC;["[\"End\"]"]
9;sleep;2011-06-29 00:58:53 UTC;["[\"sleep\"]"]
9;End;2011-06-29 00:58:53 UTC;["[\"End\"]"]
10;Start;2011-06-29 00:59:12 UTC;["[\"Start\"]"]
10;Start;2011-06-29 00:59:12 UTC;["[\"Start\"]"]
10;toilet;2011-06-29 00:59:12 UTC;["[\"toilet\"]"]
10;toilet;2011-06-29 01:02:18 UTC;["[\"toilet\"]"]
10;sleep;2011-06-29 01:02:28 UTC;["[\"sleep\"]"]
10;sleep;2011-06-29 03:58:42 UTC;["[\"sleep\"]"]
10;toilet;2011-06-29 03:58:57 UTC;["[\"toilet\"]"]
10;toilet;2011-06-29 04:02:49 UTC;["[\"toilet\"]"]
10;sleep;2011-06-29 04:02:58 UTC;["[\"sleep\"]"]
10;sleep;2011-06-29 05:37:05 UTC;["[\"sleep\"]"]
10;toilet;2011-06-29 05:38:19 UTC;["[\"toilet\"]"]
10;toilet;2011-06-29 05:42:54 UTC;["[\"toilet\"]"]
10;sleep;2011-06-29 05:44:32 UTC;["[\"sleep\"]"]
10;sleep;2011-06-29 07:24:42 UTC;["[\"sleep\"]"]
10;relax;2011-06-29 07:25:38 UTC;["[\"relax\"]"]
10;relax;2011-06-29 07:49:14 UTC;["[\"relax\"]"]
10;mealpreperation;2011-06-29 07:49:35 UTC;["[\"mealpreperation\"]"]
10;mealpreperation;2011-06-29 07:59:16 UTC;["[\"mealpreperation\"]"]
10;relax;2011-06-29 07:59:24 UTC;["[\"relax\"]"]
10;relax;2011-06-29 09:29:32 UTC;["[\"relax\"]"]
10;toilet;2011-06-29 09:30:32 UTC;["[\"toilet\"]"]
10;toilet;2011-06-29 09:33:13 UTC;["[\"toilet\"]"]
10;work;2011-06-29 09:33:17 UTC;["[\"work\"]"]
10;work;2011-06-29 10:10:08 UTC;["[\"work\"]"]
10;personalhygiene;2011-06-29 10:10:13 UTC;["[\"personalhygiene\"]"]
10;personalhygiene;2011-06-29 10:43:16 UTC;["[\"personalhygiene\"]"]
10;groom;2011-06-29 10:43:18 UTC;["[\"groom\"]"]
10;groom;2011-06-29 10:50:45 UTC;["[\"groom\"]"]
10;personalhygiene;2011-06-29 10:51:52 UTC;["[\"personalhygiene\"]"]
10;personalhygiene;2011-06-29 11:15:17 UTC;["[\"personalhygiene\"]"]
10;snack;2011-06-29 11:23:36 UTC;["[\"snack\"]"]
10;snack;2011-06-29 11:37:00 UTC;["[\"snack\"]"]
10;eatingdrinking;2011-06-29 11:37:01 UTC;["[\"eatingdrinking\"]"]
10;eatingdrinking;2011-06-29 11:55:52 UTC;["[\"eatingdrinking\"]"]
10;cleaning;2011-06-29 11:55:53 UTC;["[\"cleaning\"]"]
10;cleaning;2011-06-29 12:00:08 UTC;["[\"cleaning\"]"]
10;relax;2011-06-29 12:00:28 UTC;["[\"relax\"]"]
10;relax;2011-06-29 13:06:36 UTC;["[\"relax\"]"]
10;snack;2011-06-29 13:06:50 UTC;["[\"snack\"]"]
10;snack;2011-06-29 13:15:14 UTC;["[\"snack\"]"]
10;relax;2011-06-29 13:15:19 UTC;["[\"relax\"]"]
10;relax;2011-06-29 13:25:38 UTC;["[\"relax\"]"]
10;toilet;2011-06-29 13:27:12 UTC;["[\"toilet\"]"]
10;toilet;2011-06-29 13:36:47 UTC;["[\"toilet\"]"]
10;relax;2011-06-29 13:44:27 UTC;["[\"relax\"]"]
10;relax;2011-06-29 15:16:40 UTC;["[\"relax\"]"]
10;snack;2011-06-29 15:17:29 UTC;["[\"snack\"]"]
10;snack;2011-06-29 15:23:34 UTC;["[\"snack\"]"]
10;relax;2011-06-29 15:23:40 UTC;["[\"relax\"]"]
10;relax;2011-06-29 15:40:30 UTC;["[\"relax\"]"]
10;snack;2011-06-29 15:41:05 UTC;["[\"snack\"]"]
10;snack;2011-06-29 15:59:01 UTC;["[\"snack\"]"]
10;eatingdrinking;2011-06-29 15:59:14 UTC;["[\"eatingdrinking\"]"]
10;eatingdrinking;2011-06-29 16:16:36 UTC;["[\"eatingdrinking\"]"]
10;cleaning;2011-06-29 16:16:38 UTC;["[\"cleaning\"]"]
10;cleaning;2011-06-29 16:17:51 UTC;["[\"cleaning\"]"]
10;relax;2011-06-29 16:17:54 UTC;["[\"relax\"]"]
10;relax;2011-06-29 16:32:40 UTC;["[\"relax\"]"]
10;personalhygiene;2011-06-29 16:36:57 UTC;["[\"personalhygiene\"]"]
10;personalhygiene;2011-06-29 16:57:41 UTC;["[\"personalhygiene\"]"]
10;relax;2011-06-29 16:58:04 UTC;["[\"relax\"]"]
10;relax;2011-06-29 17:13:31 UTC;["[\"relax\"]"]
10;outdoors;2011-06-29 17:13:43 UTC;["[\"outdoors\"]"]
10;outdoors;2011-06-29 18:37:24 UTC;["[\"outdoors\"]"]
10;toilet;2011-06-29 18:51:18 UTC;["[\"toilet\"]"]
10;toilet;2011-06-29 18:53:05 UTC;["[\"toilet\"]"]
10;personalhygiene;2011-06-29 18:55:39 UTC;["[\"personalhygiene\"]"]
10;personalhygiene;2011-06-29 19:17:20 UTC;["[\"personalhygiene\"]"]
10;sleep;2011-06-29 19:17:52 UTC;["[\"sleep\"]"]
10;End;2011-06-30 00:38:18 UTC;["[\"End\"]"]
10;End;2011-06-30 00:38:18 UTC;["[\"End\"]"]
10;sleep;2011-06-30 00:38:18 UTC;["[\"sleep\"]"]
11;toilet;2011-06-30 00:38:34 UTC;["[\"toilet\"]"]
11;Start;2011-06-30 00:38:34 UTC;["[\"Start\"]"]
11;Start;2011-06-30 00:38:34 UTC;["[\"Start\"]"]
11;toilet;2011-06-30 00:40:52 UTC;["[\"toilet\"]"]
11;sleep;2011-06-30 00:41:04 UTC;["[\"sleep\"]"]
11;sleep;2011-06-30 05:41:16 UTC;["[\"sleep\"]"]
11;toilet;2011-06-30 05:41:53 UTC;["[\"toilet\"]"]
11;toilet;2011-06-30 05:46:00 UTC;["[\"toilet\"]"]
11;sleep;2011-06-30 05:47:29 UTC;["[\"sleep\"]"]
11;sleep;2011-06-30 06:14:25 UTC;["[\"sleep\"]"]
11;relax;2011-06-30 06:15:18 UTC;["[\"relax\"]"]
11;mealpreperation;2011-06-30 06:27:40 UTC;["[\"mealpreperation\"]"]
11;relax;2011-06-30 06:27:40 UTC;["[\"relax\"]"]
11;mealpreperation;2011-06-30 06:33:48 UTC;["[\"mealpreperation\"]"]
11;eatingdrinking;2011-06-30 06:33:57 UTC;["[\"eatingdrinking\"]"]
11;eatingdrinking;2011-06-30 06:41:44 UTC;["[\"eatingdrinking\"]"]
11;cleaning;2011-06-30 06:42:14 UTC;["[\"cleaning\"]"]
11;cleaning;2011-06-30 06:43:10 UTC;["[\"cleaning\"]"]
11;personalhygiene;2011-06-30 06:43:54 UTC;["[\"personalhygiene\"]"]
11;personalhygiene;2011-06-30 06:48:57 UTC;["[\"personalhygiene\"]"]
11;bathe;2011-06-30 06:49:00 UTC;["[\"bathe\"]"]
11;bathe;2011-06-30 06:56:04 UTC;["[\"bathe\"]"]
11;personalhygiene;2011-06-30 06:57:02 UTC;["[\"personalhygiene\"]"]
11;personalhygiene;2011-06-30 07:10:07 UTC;["[\"personalhygiene\"]"]
11;groom;2011-06-30 07:10:09 UTC;["[\"groom\"]"]
11;groom;2011-06-30 07:16:26 UTC;["[\"groom\"]"]
11;personalhygiene;2011-06-30 07:17:15 UTC;["[\"personalhygiene\"]"]
11;personalhygiene;2011-06-30 12:50:47 UTC;["[\"personalhygiene\"]"]
11;snack;2011-06-30 12:51:08 UTC;["[\"snack\"]"]
11;snack;2011-06-30 13:03:45 UTC;["[\"snack\"]"]
11;toilet;2011-06-30 13:14:30 UTC;["[\"toilet\"]"]
11;toilet;2011-06-30 13:16:31 UTC;["[\"toilet\"]"]
11;relax;2011-06-30 13:17:24 UTC;["[\"relax\"]"]
11;relax;2011-06-30 14:45:15 UTC;["[\"relax\"]"]
11;toilet;2011-06-30 14:45:17 UTC;["[\"toilet\"]"]
11;toilet;2011-06-30 14:50:02 UTC;["[\"toilet\"]"]
11;outdoors;2011-06-30 14:54:52 UTC;["[\"outdoors\"]"]
11;outdoors;2011-06-30 15:13:38 UTC;["[\"outdoors\"]"]
11;snack;2011-06-30 15:14:05 UTC;["[\"snack\"]"]
11;snack;2011-06-30 15:21:21 UTC;["[\"snack\"]"]
11;relax;2011-06-30 15:21:24 UTC;["[\"relax\"]"]
11;relax;2011-06-30 15:56:51 UTC;["[\"relax\"]"]
11;mealpreperation;2011-06-30 15:59:47 UTC;["[\"mealpreperation\"]"]
11;mealpreperation;2011-06-30 16:18:44 UTC;["[\"mealpreperation\"]"]
11;eatingdrinking;2011-06-30 16:18:47 UTC;["[\"eatingdrinking\"]"]
11;eatingdrinking;2011-06-30 16:37:17 UTC;["[\"eatingdrinking\"]"]
11;cleaning;2011-06-30 16:37:17 UTC;["[\"cleaning\"]"]
11;cleaning;2011-06-30 16:40:49 UTC;["[\"cleaning\"]"]
11;relax;2011-06-30 16:40:56 UTC;["[\"relax\"]"]
11;relax;2011-06-30 18:07:39 UTC;["[\"relax\"]"]
11;snack;2011-06-30 18:07:51 UTC;["[\"snack\"]"]
11;snack;2011-06-30 18:28:49 UTC;["[\"snack\"]"]
11;groom;2011-06-30 18:29:28 UTC;["[\"groom\"]"]
11;groom;2011-06-30 18:55:47 UTC;["[\"groom\"]"]
11;personalhygiene;2011-06-30 19:06:10 UTC;["[\"personalhygiene\"]"]
11;personalhygiene;2011-06-30 19:45:24 UTC;["[\"personalhygiene\"]"]
11;sleep;2011-06-30 19:46:33 UTC;["[\"sleep\"]"]
11;sleep;2011-06-30 21:34:32 UTC;["[\"sleep\"]"]
11;toilet;2011-06-30 21:34:50 UTC;["[\"toilet\"]"]
11;toilet;2011-06-30 21:38:01 UTC;["[\"toilet\"]"]
11;sleep;2011-06-30 21:38:11 UTC;["[\"sleep\"]"]
11;End;2011-07-01 06:03:28 UTC;["[\"End\"]"]
11;End;2011-07-01 06:03:28 UTC;["[\"End\"]"]
11;sleep;2011-07-01 06:03:28 UTC;["[\"sleep\"]"]
12;toilet;2011-07-01 06:03:43 UTC;["[\"toilet\"]"]
12;Start;2011-07-01 06:03:43 UTC;["[\"Start\"]"]
12;Start;2011-07-01 06:03:43 UTC;["[\"Start\"]"]
12;toilet;2011-07-01 06:07:56 UTC;["[\"toilet\"]"]
12;sleep;2011-07-01 06:11:51 UTC;["[\"sleep\"]"]
12;sleep;2011-07-01 07:55:48 UTC;["[\"sleep\"]"]
12;personalhygiene;2011-07-01 07:56:04 UTC;["[\"personalhygiene\"]"]
12;personalhygiene;2011-07-01 08:04:27 UTC;["[\"personalhygiene\"]"]
12;groom;2011-07-01 08:07:22 UTC;["[\"groom\"]"]
12;groom;2011-07-01 08:16:57 UTC;["[\"groom\"]"]
12;relax;2011-07-01 08:17:34 UTC;["[\"relax\"]"]
12;relax;2011-07-01 08:44:39 UTC;["[\"relax\"]"]
12;snack;2011-07-01 08:45:53 UTC;["[\"snack\"]"]
12;snack;2011-07-01 09:18:24 UTC;["[\"snack\"]"]
12;relax;2011-07-01 09:28:26 UTC;["[\"relax\"]"]
12;relax;2011-07-01 11:42:37 UTC;["[\"relax\"]"]
12;snack;2011-07-01 11:43:39 UTC;["[\"snack\"]"]
12;snack;2011-07-01 11:46:01 UTC;["[\"snack\"]"]
12;toilet;2011-07-01 11:46:19 UTC;["[\"toilet\"]"]
12;toilet;2011-07-01 11:49:48 UTC;["[\"toilet\"]"]
12;work;2011-07-01 11:49:56 UTC;["[\"work\"]"]
12;work;2011-07-01 11:59:22 UTC;["[\"work\"]"]
12;groom;2011-07-01 12:01:52 UTC;["[\"groom\"]"]
12;groom;2011-07-01 12:16:35 UTC;["[\"groom\"]"]
12;personalhygiene;2011-07-01 12:16:39 UTC;["[\"personalhygiene\"]"]
12;personalhygiene;2011-07-01 12:41:56 UTC;["[\"personalhygiene\"]"]
12;groom;2011-07-01 12:42:00 UTC;["[\"groom\"]"]
12;groom;2011-07-01 12:55:38 UTC;["[\"groom\"]"]
12;personalhygiene;2011-07-01 12:55:54 UTC;["[\"personalhygiene\"]"]
12;personalhygiene;2011-07-01 13:24:51 UTC;["[\"personalhygiene\"]"]
12;toilet;2011-07-01 13:24:53 UTC;["[\"toilet\"]"]
12;toilet;2011-07-01 13:26:26 UTC;["[\"toilet\"]"]
12;snack;2011-07-01 13:26:49 UTC;["[\"snack\"]"]
12;snack;2011-07-01 13:47:07 UTC;["[\"snack\"]"]
12;toilet;2011-07-01 13:59:11 UTC;["[\"toilet\"]"]
12;toilet;2011-07-01 14:03:08 UTC;["[\"toilet\"]"]
12;outdoors;2011-07-01 14:07:31 UTC;["[\"outdoors\"]"]
12;outdoors;2011-07-01 16:10:28 UTC;["[\"outdoors\"]"]
12;relax;2011-07-01 16:16:01 UTC;["[\"relax\"]"]
12;relax;2011-07-01 17:57:01 UTC;["[\"relax\"]"]
12;toilet;2011-07-01 18:03:06 UTC;["[\"toilet\"]"]
12;toilet;2011-07-01 18:09:03 UTC;["[\"toilet\"]"]
12;personalhygiene;2011-07-01 18:17:13 UTC;["[\"personalhygiene\"]"]
12;personalhygiene;2011-07-01 18:17:59 UTC;["[\"personalhygiene\"]"]
12;relax;2011-07-01 18:30:26 UTC;["[\"relax\"]"]
12;relax;2011-07-01 19:59:34 UTC;["[\"relax\"]"]
12;personalhygiene;2011-07-01 20:33:40 UTC;["[\"personalhygiene\"]"]
12;End;2011-07-01 20:33:49 UTC;["[\"End\"]"]
12;End;2011-07-01 20:33:49 UTC;["[\"End\"]"]
12;personalhygiene;2011-07-01 20:33:49 UTC;["[\"personalhygiene\"]"]
13;Start;2011-07-04 01:17:41 UTC;["[\"Start\"]"]
13;Start;2011-07-04 01:17:41 UTC;["[\"Start\"]"]
13;toilet;2011-07-04 01:17:41 UTC;["[\"toilet\"]"]
13;toilet;2011-07-04 01:20:49 UTC;["[\"toilet\"]"]
13;sleep;2011-07-04 01:20:57 UTC;["[\"sleep\"]"]
13;sleep;2011-07-04 05:02:11 UTC;["[\"sleep\"]"]
13;toilet;2011-07-04 05:02:51 UTC;["[\"toilet\"]"]
13;toilet;2011-07-04 05:07:18 UTC;["[\"toilet\"]"]
13;sleep;2011-07-04 05:09:19 UTC;["[\"sleep\"]"]
13;sleep;2011-07-04 08:34:48 UTC;["[\"sleep\"]"]
13;toilet;2011-07-04 08:35:02 UTC;["[\"toilet\"]"]
13;toilet;2011-07-04 08:39:04 UTC;["[\"toilet\"]"]
13;personalhygiene;2011-07-04 08:40:54 UTC;["[\"personalhygiene\"]"]
13;personalhygiene;2011-07-04 09:01:55 UTC;["[\"personalhygiene\"]"]
13;outdoors;2011-07-04 09:05:19 UTC;["[\"outdoors\"]"]
13;outdoors;2011-07-04 09:48:39 UTC;["[\"outdoors\"]"]
13;medication;2011-07-04 09:49:23 UTC;["[\"medication\"]"]
13;medication;2011-07-04 09:54:29 UTC;["[\"medication\"]"]
13;bathe;2011-07-04 09:56:05 UTC;["[\"bathe\"]"]
13;bathe;2011-07-04 10:11:28 UTC;["[\"bathe\"]"]
13;dress;2011-07-04 10:11:32 UTC;["[\"dress\"]"]
13;dress;2011-07-04 10:15:16 UTC;["[\"dress\"]"]
13;personalhygiene;2011-07-04 10:15:20 UTC;["[\"personalhygiene\"]"]
13;personalhygiene;2011-07-04 10:16:41 UTC;["[\"personalhygiene\"]"]
13;toilet;2011-07-04 10:25:51 UTC;["[\"toilet\"]"]
13;toilet;2011-07-04 10:30:39 UTC;["[\"toilet\"]"]
13;relax;2011-07-04 10:37:07 UTC;["[\"relax\"]"]
13;relax;2011-07-04 10:56:39 UTC;["[\"relax\"]"]
13;mealpreperation;2011-07-04 10:59:03 UTC;["[\"mealpreperation\"]"]
13;mealpreperation;2011-07-04 11:11:28 UTC;["[\"mealpreperation\"]"]
13;eatingdrinking;2011-07-04 11:11:36 UTC;["[\"eatingdrinking\"]"]
13;eatingdrinking;2011-07-04 11:24:19 UTC;["[\"eatingdrinking\"]"]
13;cleaning;2011-07-04 11:24:25 UTC;["[\"cleaning\"]"]
13;cleaning;2011-07-04 11:34:16 UTC;["[\"cleaning\"]"]
13;relax;2011-07-04 11:34:28 UTC;["[\"relax\"]"]
13;relax;2011-07-04 12:43:28 UTC;["[\"relax\"]"]
13;toilet;2011-07-04 12:43:35 UTC;["[\"toilet\"]"]
13;toilet;2011-07-04 12:47:09 UTC;["[\"toilet\"]"]
13;relax;2011-07-04 12:47:25 UTC;["[\"relax\"]"]
13;relax;2011-07-04 13:10:17 UTC;["[\"relax\"]"]
13;snack;2011-07-04 13:12:07 UTC;["[\"snack\"]"]
13;snack;2011-07-04 13:29:25 UTC;["[\"snack\"]"]
13;relax;2011-07-04 13:30:20 UTC;["[\"relax\"]"]
13;relax;2011-07-04 13:49:39 UTC;["[\"relax\"]"]
13;personalhygiene;2011-07-04 13:50:26 UTC;["[\"personalhygiene\"]"]
13;personalhygiene;2011-07-04 14:33:56 UTC;["[\"personalhygiene\"]"]
13;toilet;2011-07-04 14:46:27 UTC;["[\"toilet\"]"]
13;toilet;2011-07-04 14:49:33 UTC;["[\"toilet\"]"]
13;outdoors;2011-07-04 14:58:22 UTC;["[\"outdoors\"]"]
13;outdoors;2011-07-04 16:11:46 UTC;["[\"outdoors\"]"]
13;personalhygiene;2011-07-04 16:32:45 UTC;["[\"personalhygiene\"]"]
13;personalhygiene;2011-07-04 16:43:02 UTC;["[\"personalhygiene\"]"]
13;relax;2011-07-04 16:43:50 UTC;["[\"relax\"]"]
13;relax;2011-07-04 16:53:27 UTC;["[\"relax\"]"]
13;watchtv;2011-07-04 17:00:53 UTC;["[\"watchtv\"]"]
13;watchtv;2011-07-04 18:56:35 UTC;["[\"watchtv\"]"]
13;personalhygiene;2011-07-04 19:09:48 UTC;["[\"personalhygiene\"]"]
13;personalhygiene;2011-07-04 19:49:24 UTC;["[\"personalhygiene\"]"]
13;toilet;2011-07-04 19:50:38 UTC;["[\"toilet\"]"]
13;toilet;2011-07-04 19:55:08 UTC;["[\"toilet\"]"]
13;sleep;2011-07-04 19:58:57 UTC;["[\"sleep\"]"]
13;sleep;2011-07-05 04:57:57 UTC;["[\"sleep\"]"]
13;End;2011-07-05 04:57:57 UTC;["[\"End\"]"]
13;End;2011-07-05 04:57:57 UTC;["[\"End\"]"]
14;Start;2011-07-05 04:58:08 UTC;["[\"Start\"]"]
14;Start;2011-07-05 04:58:08 UTC;["[\"Start\"]"]
14;toilet;2011-07-05 04:58:08 UTC;["[\"toilet\"]"]
14;toilet;2011-07-05 05:02:40 UTC;["[\"toilet\"]"]
14;sleep;2011-07-05 05:04:06 UTC;["[\"sleep\"]"]
14;sleep;2011-07-05 08:50:28 UTC;["[\"sleep\"]"]
14;toilet;2011-07-05 08:50:40 UTC;["[\"toilet\"]"]
14;toilet;2011-07-05 08:54:21 UTC;["[\"toilet\"]"]
14;dress;2011-07-05 08:54:34 UTC;["[\"dress\"]"]
14;dress;2011-07-05 08:59:09 UTC;["[\"dress\"]"]
14;relax;2011-07-05 09:00:04 UTC;["[\"relax\"]"]
14;relax;2011-07-05 09:29:50 UTC;["[\"relax\"]"]
14;mealpreperation;2011-07-05 09:29:52 UTC;["[\"mealpreperation\"]"]
14;mealpreperation;2011-07-05 09:55:35 UTC;["[\"mealpreperation\"]"]
14;eatingdrinking;2011-07-05 09:55:40 UTC;["[\"eatingdrinking\"]"]
14;eatingdrinking;2011-07-05 10:55:46 UTC;["[\"eatingdrinking\"]"]
14;relax;2011-07-05 11:01:47 UTC;["[\"relax\"]"]
14;relax;2011-07-05 11:13:05 UTC;["[\"relax\"]"]
14;toilet;2011-07-05 11:13:15 UTC;["[\"toilet\"]"]
14;toilet;2011-07-05 11:19:25 UTC;["[\"toilet\"]"]
14;work;2011-07-05 11:20:59 UTC;["[\"work\"]"]
14;work;2011-07-05 11:42:00 UTC;["[\"work\"]"]
14;snack;2011-07-05 11:44:28 UTC;["[\"snack\"]"]
14;snack;2011-07-05 12:07:16 UTC;["[\"snack\"]"]
14;work;2011-07-05 12:27:09 UTC;["[\"work\"]"]
14;work;2011-07-05 12:38:42 UTC;["[\"work\"]"]
14;personalhygiene;2011-07-05 12:38:54 UTC;["[\"personalhygiene\"]"]
14;personalhygiene;2011-07-05 13:05:11 UTC;["[\"personalhygiene\"]"]
14;work;2011-07-05 13:05:15 UTC;["[\"work\"]"]
14;work;2011-07-05 13:15:29 UTC;["[\"work\"]"]
14;personalhygiene;2011-07-05 13:23:13 UTC;["[\"personalhygiene\"]"]
14;personalhygiene;2011-07-05 13:44:59 UTC;["[\"personalhygiene\"]"]
14;dress;2011-07-05 13:45:02 UTC;["[\"dress\"]"]
14;dress;2011-07-05 13:51:35 UTC;["[\"dress\"]"]
14;personalhygiene;2011-07-05 13:51:42 UTC;["[\"personalhygiene\"]"]
14;personalhygiene;2011-07-05 14:03:13 UTC;["[\"personalhygiene\"]"]
14;outdoors;2011-07-05 14:11:11 UTC;["[\"outdoors\"]"]
14;outdoors;2011-07-05 15:24:26 UTC;["[\"outdoors\"]"]
14;snack;2011-07-05 15:28:50 UTC;["[\"snack\"]"]
14;snack;2011-07-05 15:38:36 UTC;["[\"snack\"]"]
14;relax;2011-07-05 15:38:39 UTC;["[\"relax\"]"]
14;relax;2011-07-05 15:43:14 UTC;["[\"relax\"]"]
14;outdoors;2011-07-05 15:43:17 UTC;["[\"outdoors\"]"]
14;outdoors;2011-07-05 15:54:31 UTC;["[\"outdoors\"]"]
14;relax;2011-07-05 15:57:31 UTC;["[\"relax\"]"]
14;relax;2011-07-05 16:48:55 UTC;["[\"relax\"]"]
14;outdoors;2011-07-05 16:48:57 UTC;["[\"outdoors\"]"]
14;outdoors;2011-07-05 16:51:03 UTC;["[\"outdoors\"]"]
14;personalhygiene;2011-07-05 16:51:37 UTC;["[\"personalhygiene\"]"]
14;personalhygiene;2011-07-05 16:56:45 UTC;["[\"personalhygiene\"]"]
14;snack;2011-07-05 16:57:38 UTC;["[\"snack\"]"]
14;snack;2011-07-05 17:01:53 UTC;["[\"snack\"]"]
14;relax;2011-07-05 17:01:58 UTC;["[\"relax\"]"]
14;relax;2011-07-05 17:18:57 UTC;["[\"relax\"]"]
14;mealpreperation;2011-07-05 17:19:03 UTC;["[\"mealpreperation\"]"]
14;mealpreperation;2011-07-05 17:35:51 UTC;["[\"mealpreperation\"]"]
14;eatingdrinking;2011-07-05 17:35:55 UTC;["[\"eatingdrinking\"]"]
14;eatingdrinking;2011-07-05 17:51:55 UTC;["[\"eatingdrinking\"]"]
14;cleaning;2011-07-05 17:51:59 UTC;["[\"cleaning\"]"]
14;cleaning;2011-07-05 18:00:25 UTC;["[\"cleaning\"]"]
14;relax;2011-07-05 18:10:47 UTC;["[\"relax\"]"]
14;relax;2011-07-05 18:37:53 UTC;["[\"relax\"]"]
14;outdoors;2011-07-05 18:38:03 UTC;["[\"outdoors\"]"]
14;outdoors;2011-07-05 18:43:55 UTC;["[\"outdoors\"]"]
14;relax;2011-07-05 18:44:15 UTC;["[\"relax\"]"]
14;relax;2011-07-05 19:56:08 UTC;["[\"relax\"]"]
14;personalhygiene;2011-07-05 20:00:16 UTC;["[\"personalhygiene\"]"]
14;personalhygiene;2011-07-05 20:06:18 UTC;["[\"personalhygiene\"]"]
14;groom;2011-07-05 20:09:27 UTC;["[\"groom\"]"]
14;groom;2011-07-05 20:16:57 UTC;["[\"groom\"]"]
14;personalhygiene;2011-07-05 20:17:01 UTC;["[\"personalhygiene\"]"]
14;personalhygiene;2011-07-05 20:49:57 UTC;["[\"personalhygiene\"]"]
14;sleep;2011-07-05 20:57:13 UTC;["[\"sleep\"]"]
14;End;2011-07-06 02:37:08 UTC;["[\"End\"]"]
14;sleep;2011-07-06 02:37:08 UTC;["[\"sleep\"]"]
14;End;2011-07-06 02:37:08 UTC;["[\"End\"]"]
15;Start;2011-07-06 02:37:42 UTC;["[\"Start\"]"]
15;Start;2011-07-06 02:37:42 UTC;["[\"Start\"]"]
15;toilet;2011-07-06 02:37:42 UTC;["[\"toilet\"]"]
15;toilet;2011-07-06 02:40:17 UTC;["[\"toilet\"]"]
15;sleep;2011-07-06 02:40:26 UTC;["[\"sleep\"]"]
15;sleep;2011-07-06 06:12:23 UTC;["[\"sleep\"]"]
15;toilet;2011-07-06 06:12:44 UTC;["[\"toilet\"]"]
15;toilet;2011-07-06 06:15:43 UTC;["[\"toilet\"]"]
15;sleep;2011-07-06 06:17:36 UTC;["[\"sleep\"]"]
15;sleep;2011-07-06 07:19:26 UTC;["[\"sleep\"]"]
15;personalhygiene;2011-07-06 07:20:19 UTC;["[\"personalhygiene\"]"]
15;personalhygiene;2011-07-06 07:25:11 UTC;["[\"personalhygiene\"]"]
15;relax;2011-07-06 07:28:05 UTC;["[\"relax\"]"]
15;relax;2011-07-06 07:45:54 UTC;["[\"relax\"]"]
15;mealpreperation;2011-07-06 07:46:31 UTC;["[\"mealpreperation\"]"]
15;mealpreperation;2011-07-06 08:01:12 UTC;["[\"mealpreperation\"]"]
15;relax;2011-07-06 08:13:01 UTC;["[\"relax\"]"]
15;relax;2011-07-06 08:23:02 UTC;["[\"relax\"]"]
15;work;2011-07-06 08:24:25 UTC;["[\"work\"]"]
15;work;2011-07-06 08:33:59 UTC;["[\"work\"]"]
15;groom;2011-07-06 08:34:14 UTC;["[\"groom\"]"]
15;groom;2011-07-06 08:40:59 UTC;["[\"groom\"]"]
15;personalhygiene;2011-07-06 08:41:02 UTC;["[\"personalhygiene\"]"]
15;personalhygiene;2011-07-06 08:59:16 UTC;["[\"personalhygiene\"]"]
15;groom;2011-07-06 08:59:17 UTC;["[\"groom\"]"]
15;groom;2011-07-06 09:03:27 UTC;["[\"groom\"]"]
15;personalhygiene;2011-07-06 09:03:31 UTC;["[\"personalhygiene\"]"]
15;personalhygiene;2011-07-06 09:24:47 UTC;["[\"personalhygiene\"]"]
15;outdoors;2011-07-06 09:32:23 UTC;["[\"outdoors\"]"]
15;outdoors;2011-07-06 09:42:17 UTC;["[\"outdoors\"]"]
15;relax;2011-07-06 09:48:43 UTC;["[\"relax\"]"]
15;relax;2011-07-06 10:03:21 UTC;["[\"relax\"]"]
15;outdoors;2011-07-06 10:03:59 UTC;["[\"outdoors\"]"]
15;outdoors;2011-07-06 11:17:26 UTC;["[\"outdoors\"]"]
15;relax;2011-07-06 11:17:36 UTC;["[\"relax\"]"]
15;relax;2011-07-06 11:41:57 UTC;["[\"relax\"]"]
15;outdoors;2011-07-06 11:42:00 UTC;["[\"outdoors\"]"]
15;outdoors;2011-07-06 11:51:00 UTC;["[\"outdoors\"]"]
15;relax;2011-07-06 11:51:16 UTC;["[\"relax\"]"]
15;relax;2011-07-06 12:02:51 UTC;["[\"relax\"]"]
15;personalhygiene;2011-07-06 12:05:58 UTC;["[\"personalhygiene\"]"]
15;personalhygiene;2011-07-06 12:17:28 UTC;["[\"personalhygiene\"]"]
15;outdoors;2011-07-06 12:22:54 UTC;["[\"outdoors\"]"]
15;outdoors;2011-07-06 13:12:08 UTC;["[\"outdoors\"]"]
15;sleep;2011-07-06 13:17:14 UTC;["[\"sleep\"]"]
15;sleep;2011-07-06 13:49:08 UTC;["[\"sleep\"]"]
15;relax;2011-07-06 13:51:49 UTC;["[\"relax\"]"]
15;relax;2011-07-06 14:03:18 UTC;["[\"relax\"]"]
15;sleep;2011-07-06 14:04:00 UTC;["[\"sleep\"]"]
15;sleep;2011-07-06 15:48:40 UTC;["[\"sleep\"]"]
15;toilet;2011-07-06 15:53:09 UTC;["[\"toilet\"]"]
15;toilet;2011-07-06 15:58:17 UTC;["[\"toilet\"]"]
15;snack;2011-07-06 16:00:12 UTC;["[\"snack\"]"]
15;snack;2011-07-06 16:24:42 UTC;["[\"snack\"]"]
15;eatingdrinking;2011-07-06 16:24:47 UTC;["[\"eatingdrinking\"]"]
15;eatingdrinking;2011-07-06 16:41:12 UTC;["[\"eatingdrinking\"]"]
15;relax;2011-07-06 16:45:05 UTC;["[\"relax\"]"]
15;relax;2011-07-06 17:57:40 UTC;["[\"relax\"]"]
15;cleaning;2011-07-06 17:57:44 UTC;["[\"cleaning\"]"]
15;cleaning;2011-07-06 18:04:51 UTC;["[\"cleaning\"]"]
15;work;2011-07-06 18:05:03 UTC;["[\"work\"]"]
15;work;2011-07-06 18:20:16 UTC;["[\"work\"]"]
15;groom;2011-07-06 18:20:21 UTC;["[\"groom\"]"]
15;groom;2011-07-06 18:29:32 UTC;["[\"groom\"]"]
15;relax;2011-07-06 18:31:11 UTC;["[\"relax\"]"]
15;relax;2011-07-06 19:17:21 UTC;["[\"relax\"]"]
15;groom;2011-07-06 19:18:38 UTC;["[\"groom\"]"]
15;groom;2011-07-06 19:38:00 UTC;["[\"groom\"]"]
15;personalhygiene;2011-07-06 19:39:04 UTC;["[\"personalhygiene\"]"]
15;personalhygiene;2011-07-06 20:17:47 UTC;["[\"personalhygiene\"]"]
15;sleep;2011-07-06 20:18:00 UTC;["[\"sleep\"]"]
15;End;2011-07-07 01:35:37 UTC;["[\"End\"]"]
15;End;2011-07-07 01:35:37 UTC;["[\"End\"]"]
15;sleep;2011-07-07 01:35:37 UTC;["[\"sleep\"]"]
16;Start;2011-07-07 01:36:03 UTC;["[\"Start\"]"]
16;Start;2011-07-07 01:36:03 UTC;["[\"Start\"]"]
16;toilet;2011-07-07 01:36:03 UTC;["[\"toilet\"]"]
16;toilet;2011-07-07 01:39:14 UTC;["[\"toilet\"]"]
16;sleep;2011-07-07 01:39:23 UTC;["[\"sleep\"]"]
16;sleep;2011-07-07 04:37:38 UTC;["[\"sleep\"]"]
16;toilet;2011-07-07 04:38:00 UTC;["[\"toilet\"]"]
16;toilet;2011-07-07 04:41:12 UTC;["[\"toilet\"]"]
16;sleep;2011-07-07 04:41:17 UTC;["[\"sleep\"]"]
16;sleep;2011-07-07 06:01:52 UTC;["[\"sleep\"]"]
16;toilet;2011-07-07 06:02:49 UTC;["[\"toilet\"]"]
16;toilet;2011-07-07 06:05:30 UTC;["[\"toilet\"]"]
16;relax;2011-07-07 06:06:24 UTC;["[\"relax\"]"]
16;relax;2011-07-07 06:36:57 UTC;["[\"relax\"]"]
16;mealpreperation;2011-07-07 06:37:44 UTC;["[\"mealpreperation\"]"]
16;mealpreperation;2011-07-07 06:49:33 UTC;["[\"mealpreperation\"]"]
16;personalhygiene;2011-07-07 06:53:07 UTC;["[\"personalhygiene\"]"]
16;personalhygiene;2011-07-07 07:10:51 UTC;["[\"personalhygiene\"]"]
16;dress;2011-07-07 07:10:57 UTC;["[\"dress\"]"]
16;dress;2011-07-07 07:14:56 UTC;["[\"dress\"]"]
16;personalhygiene;2011-07-07 07:15:00 UTC;["[\"personalhygiene\"]"]
16;personalhygiene;2011-07-07 07:30:45 UTC;["[\"personalhygiene\"]"]
16;outdoors;2011-07-07 07:35:02 UTC;["[\"outdoors\"]"]
16;outdoors;2011-07-07 12:12:48 UTC;["[\"outdoors\"]"]
16;snack;2011-07-07 12:17:20 UTC;["[\"snack\"]"]
16;snack;2011-07-07 12:32:10 UTC;["[\"snack\"]"]
16;eatingdrinking;2011-07-07 12:32:14 UTC;["[\"eatingdrinking\"]"]
16;eatingdrinking;2011-07-07 12:44:52 UTC;["[\"eatingdrinking\"]"]
16;personalhygiene;2011-07-07 12:46:41 UTC;["[\"personalhygiene\"]"]
16;personalhygiene;2011-07-07 12:54:13 UTC;["[\"personalhygiene\"]"]
16;outdoors;2011-07-07 12:55:09 UTC;["[\"outdoors\"]"]
16;outdoors;2011-07-07 14:25:46 UTC;["[\"outdoors\"]"]
16;relax;2011-07-07 14:32:15 UTC;["[\"relax\"]"]
16;relax;2011-07-07 15:52:31 UTC;["[\"relax\"]"]
16;work;2011-07-07 15:55:46 UTC;["[\"work\"]"]
16;work;2011-07-07 16:07:51 UTC;["[\"work\"]"]
16;personalhygiene;2011-07-07 16:07:56 UTC;["[\"personalhygiene\"]"]
16;personalhygiene;2011-07-07 16:14:23 UTC;["[\"personalhygiene\"]"]
16;snack;2011-07-07 16:18:50 UTC;["[\"snack\"]"]
16;snack;2011-07-07 16:24:05 UTC;["[\"snack\"]"]
16;personalhygiene;2011-07-07 16:24:39 UTC;["[\"personalhygiene\"]"]
16;personalhygiene;2011-07-07 16:31:14 UTC;["[\"personalhygiene\"]"]
16;outdoors;2011-07-07 16:34:56 UTC;["[\"outdoors\"]"]
16;outdoors;2011-07-07 16:43:20 UTC;["[\"outdoors\"]"]
16;mealpreperation;2011-07-07 16:53:27 UTC;["[\"mealpreperation\"]"]
16;mealpreperation;2011-07-07 17:04:51 UTC;["[\"mealpreperation\"]"]
16;eatingdrinking;2011-07-07 17:04:53 UTC;["[\"eatingdrinking\"]"]
16;eatingdrinking;2011-07-07 17:20:43 UTC;["[\"eatingdrinking\"]"]
16;outdoors;2011-07-07 17:33:52 UTC;["[\"outdoors\"]"]
16;outdoors;2011-07-07 17:35:19 UTC;["[\"outdoors\"]"]
16;cleaning;2011-07-07 17:35:29 UTC;["[\"cleaning\"]"]
16;cleaning;2011-07-07 17:45:09 UTC;["[\"cleaning\"]"]
16;outdoors;2011-07-07 17:45:24 UTC;["[\"outdoors\"]"]
16;outdoors;2011-07-07 17:53:27 UTC;["[\"outdoors\"]"]
16;relax;2011-07-07 17:59:27 UTC;["[\"relax\"]"]
16;relax;2011-07-07 19:10:53 UTC;["[\"relax\"]"]
16;outdoors;2011-07-07 19:10:57 UTC;["[\"outdoors\"]"]
16;outdoors;2011-07-07 19:13:31 UTC;["[\"outdoors\"]"]
16;personalhygiene;2011-07-07 19:29:43 UTC;["[\"personalhygiene\"]"]
16;personalhygiene;2011-07-07 20:07:04 UTC;["[\"personalhygiene\"]"]
16;sleep;2011-07-07 20:07:30 UTC;["[\"sleep\"]"]
16;End;2011-07-08 02:36:08 UTC;["[\"End\"]"]
16;End;2011-07-08 02:36:08 UTC;["[\"End\"]"]
16;sleep;2011-07-08 02:36:08 UTC;["[\"sleep\"]"]
17;Start;2011-07-08 02:36:38 UTC;["[\"Start\"]"]
17;toilet;2011-07-08 02:36:38 UTC;["[\"toilet\"]"]
17;Start;2011-07-08 02:36:38 UTC;["[\"Start\"]"]
17;toilet;2011-07-08 02:39:33 UTC;["[\"toilet\"]"]
17;sleep;2011-07-08 02:39:47 UTC;["[\"sleep\"]"]
17;sleep;2011-07-08 06:31:00 UTC;["[\"sleep\"]"]
17;toilet;2011-07-08 06:31:25 UTC;["[\"toilet\"]"]
17;toilet;2011-07-08 06:34:50 UTC;["[\"toilet\"]"]
17;sleep;2011-07-08 06:36:16 UTC;["[\"sleep\"]"]
17;sleep;2011-07-08 07:15:00 UTC;["[\"sleep\"]"]
17;mealpreperation;2011-07-08 07:16:59 UTC;["[\"mealpreperation\"]"]
17;mealpreperation;2011-07-08 07:22:38 UTC;["[\"mealpreperation\"]"]
17;eatingdrinking;2011-07-08 07:22:40 UTC;["[\"eatingdrinking\"]"]
17;eatingdrinking;2011-07-08 07:31:58 UTC;["[\"eatingdrinking\"]"]
17;personalhygiene;2011-07-08 07:37:45 UTC;["[\"personalhygiene\"]"]
17;personalhygiene;2011-07-08 07:52:32 UTC;["[\"personalhygiene\"]"]
17;dress;2011-07-08 07:52:33 UTC;["[\"dress\"]"]
17;dress;2011-07-08 07:55:41 UTC;["[\"dress\"]"]
17;personalhygiene;2011-07-08 07:59:34 UTC;["[\"personalhygiene\"]"]
17;personalhygiene;2011-07-08 08:12:41 UTC;["[\"personalhygiene\"]"]
17;groom;2011-07-08 08:12:44 UTC;["[\"groom\"]"]
17;groom;2011-07-08 08:15:21 UTC;["[\"groom\"]"]
17;outdoors;2011-07-08 08:16:43 UTC;["[\"outdoors\"]"]
17;outdoors;2011-07-08 11:39:05 UTC;["[\"outdoors\"]"]
17;toilet;2011-07-08 11:43:28 UTC;["[\"toilet\"]"]
17;toilet;2011-07-08 11:45:42 UTC;["[\"toilet\"]"]
17;snack;2011-07-08 11:57:07 UTC;["[\"snack\"]"]
17;snack;2011-07-08 11:59:47 UTC;["[\"snack\"]"]
17;relax;2011-07-08 12:00:10 UTC;["[\"relax\"]"]
17;relax;2011-07-08 15:27:01 UTC;["[\"relax\"]"]
17;outdoors;2011-07-08 15:31:43 UTC;["[\"outdoors\"]"]
17;outdoors;2011-07-08 15:37:46 UTC;["[\"outdoors\"]"]
17;snack;2011-07-08 15:38:12 UTC;["[\"snack\"]"]
17;snack;2011-07-08 15:46:33 UTC;["[\"snack\"]"]
17;relax;2011-07-08 15:46:38 UTC;["[\"relax\"]"]
17;relax;2011-07-08 16:38:33 UTC;["[\"relax\"]"]
17;cleaning;2011-07-08 16:38:49 UTC;["[\"cleaning\"]"]
17;cleaning;2011-07-08 16:41:28 UTC;["[\"cleaning\"]"]
17;mealpreperation;2011-07-08 16:46:27 UTC;["[\"mealpreperation\"]"]
17;mealpreperation;2011-07-08 17:00:38 UTC;["[\"mealpreperation\"]"]
17;eatingdrinking;2011-07-08 17:01:25 UTC;["[\"eatingdrinking\"]"]
17;eatingdrinking;2011-07-08 17:37:42 UTC;["[\"eatingdrinking\"]"]
17;personalhygiene;2011-07-08 18:04:28 UTC;["[\"personalhygiene\"]"]
17;personalhygiene;2011-07-08 18:35:39 UTC;["[\"personalhygiene\"]"]
17;read;2011-07-08 18:43:06 UTC;["[\"read\"]"]
17;read;2011-07-08 19:08:47 UTC;["[\"read\"]"]
17;relax;2011-07-08 19:17:50 UTC;["[\"relax\"]"]
17;relax;2011-07-08 19:32:34 UTC;["[\"relax\"]"]
17;personalhygiene;2011-07-08 19:34:59 UTC;["[\"personalhygiene\"]"]
17;personalhygiene;2011-07-08 20:14:25 UTC;["[\"personalhygiene\"]"]
17;sleep;2011-07-08 20:14:54 UTC;["[\"sleep\"]"]
17;End;2011-07-09 04:55:29 UTC;["[\"End\"]"]
17;sleep;2011-07-09 04:55:29 UTC;["[\"sleep\"]"]
17;End;2011-07-09 04:55:29 UTC;["[\"End\"]"]
