;case_id;activity;timestamp;source
0;0;Start;2011-06-15;"[""[\""Start\""]""]"
1;0;Start;2011-06-15;"[""[\""Start\""]""]"
2;0;sleep;2011-06-15;"[""[\""sleep\""]""]"
3;0;sleep;2011-06-16;"[""[\""sleep\""]""]"
4;0;toilet;2011-06-16;"[""[\""toilet\""]""]"
5;0;toilet;2011-06-16;"[""[\""toilet\""]""]"
6;0;sleep;2011-06-16;"[""[\""sleep\""]""]"
7;0;sleep;2011-06-16;"[""[\""sleep\""]""]"
8;0;toilet;2011-06-16;"[""[\""toilet\""]""]"
9;0;toilet;2011-06-16;"[""[\""toilet\""]""]"
10;0;dress;2011-06-16;"[""[\""dress\""]""]"
11;0;dress;2011-06-16;"[""[\""dress\""]""]"
12;0;sleep;2011-06-16;"[""[\""sleep\""]""]"
13;0;sleep;2011-06-16;"[""[\""sleep\""]""]"
14;0;toilet;2011-06-16;"[""[\""toilet\""]""]"
15;0;toilet;2011-06-16;"[""[\""toilet\""]""]"
16;0;mealpreperation;2011-06-16;"[""[\""mealpreperation\""]""]"
17;0;mealpreperation;2011-06-16;"[""[\""mealpreperation\""]""]"
18;0;eatingdrinking;2011-06-16;"[""[\""eatingdrinking\""]""]"
19;0;eatingdrinking;2011-06-16;"[""[\""eatingdrinking\""]""]"
20;0;cleaning;2011-06-16;"[""[\""cleaning\""]""]"
21;0;cleaning;2011-06-16;"[""[\""cleaning\""]""]"
22;0;relax;2011-06-16;"[""[\""relax\""]""]"
23;0;relax;2011-06-16;"[""[\""relax\""]""]"
24;0;personalhygiene;2011-06-16;"[""[\""personalhygiene\""]""]"
25;0;personalhygiene;2011-06-16;"[""[\""personalhygiene\""]""]"
26;0;work;2011-06-16;"[""[\""work\""]""]"
27;0;work;2011-06-16;"[""[\""work\""]""]"
28;0;bathe;2011-06-16;"[""[\""bathe\""]""]"
29;0;bathe;2011-06-16;"[""[\""bathe\""]""]"
30;0;groom;2011-06-16;"[""[\""groom\""]""]"
31;0;groom;2011-06-16;"[""[\""groom\""]""]"
32;0;toilet;2011-06-16;"[""[\""toilet\""]""]"
33;0;toilet;2011-06-16;"[""[\""toilet\""]""]"
34;0;mealpreperation;2011-06-16;"[""[\""mealpreperation\""]""]"
35;0;mealpreperation;2011-06-16;"[""[\""mealpreperation\""]""]"
36;0;eatingdrinking;2011-06-16;"[""[\""eatingdrinking\""]""]"
37;0;eatingdrinking;2011-06-16;"[""[\""eatingdrinking\""]""]"
38;0;cleaning;2011-06-16;"[""[\""cleaning\""]""]"
39;0;cleaning;2011-06-16;"[""[\""cleaning\""]""]"
40;0;read;2011-06-16;"[""[\""read\""]""]"
41;0;read;2011-06-16;"[""[\""read\""]""]"
42;0;relax;2011-06-16;"[""[\""relax\""]""]"
43;0;relax;2011-06-16;"[""[\""relax\""]""]"
44;0;toilet;2011-06-16;"[""[\""toilet\""]""]"
45;0;toilet;2011-06-16;"[""[\""toilet\""]""]"
46;0;personalhygiene;2011-06-16;"[""[\""personalhygiene\""]""]"
47;0;personalhygiene;2011-06-16;"[""[\""personalhygiene\""]""]"
48;0;snack;2011-06-16;"[""[\""snack\""]""]"
49;0;snack;2011-06-16;"[""[\""snack\""]""]"
50;0;personalhygiene;2011-06-16;"[""[\""personalhygiene\""]""]"
51;0;personalhygiene;2011-06-16;"[""[\""personalhygiene\""]""]"
52;0;watchtv;2011-06-16;"[""[\""watchtv\""]""]"
53;0;watchtv;2011-06-16;"[""[\""watchtv\""]""]"
54;0;outdoors;2011-06-16;"[""[\""outdoors\""]""]"
55;0;outdoors;2011-06-16;"[""[\""outdoors\""]""]"
56;0;mealpreperation;2011-06-16;"[""[\""mealpreperation\""]""]"
57;0;mealpreperation;2011-06-16;"[""[\""mealpreperation\""]""]"
58;0;eatingdrinking;2011-06-16;"[""[\""eatingdrinking\""]""]"
59;0;eatingdrinking;2011-06-16;"[""[\""eatingdrinking\""]""]"
60;0;relax;2011-06-16;"[""[\""relax\""]""]"
61;0;relax;2011-06-16;"[""[\""relax\""]""]"
62;0;cleaning;2011-06-16;"[""[\""cleaning\""]""]"
63;0;cleaning;2011-06-16;"[""[\""cleaning\""]""]"
64;0;personalhygiene;2011-06-16;"[""[\""personalhygiene\""]""]"
65;0;personalhygiene;2011-06-16;"[""[\""personalhygiene\""]""]"
66;0;outdoors;2011-06-16;"[""[\""outdoors\""]""]"
67;0;outdoors;2011-06-16;"[""[\""outdoors\""]""]"
68;0;snack;2011-06-16;"[""[\""snack\""]""]"
69;0;snack;2011-06-16;"[""[\""snack\""]""]"
70;0;relax;2011-06-16;"[""[\""relax\""]""]"
71;0;relax;2011-06-16;"[""[\""relax\""]""]"
72;0;cleaning;2011-06-16;"[""[\""cleaning\""]""]"
73;0;cleaning;2011-06-16;"[""[\""cleaning\""]""]"
74;0;relax;2011-06-16;"[""[\""relax\""]""]"
75;0;relax;2011-06-16;"[""[\""relax\""]""]"
76;0;personalhygiene;2011-06-16;"[""[\""personalhygiene\""]""]"
77;0;personalhygiene;2011-06-16;"[""[\""personalhygiene\""]""]"
78;0;sleep;2011-06-16;"[""[\""sleep\""]""]"
79;0;End;2011-06-17;"[""[\""End\""]""]"
80;0;End;2011-06-17;"[""[\""End\""]""]"
81;0;sleep;2011-06-17;"[""[\""sleep\""]""]"
82;1;Start;2011-06-17;"[""[\""Start\""]""]"
83;1;Start;2011-06-17;"[""[\""Start\""]""]"
84;1;toilet;2011-06-17;"[""[\""toilet\""]""]"
85;1;toilet;2011-06-17;"[""[\""toilet\""]""]"
86;1;sleep;2011-06-17;"[""[\""sleep\""]""]"
87;1;sleep;2011-06-17;"[""[\""sleep\""]""]"
88;1;snack;2011-06-17;"[""[\""snack\""]""]"
89;1;snack;2011-06-17;"[""[\""snack\""]""]"
90;1;relax;2011-06-17;"[""[\""relax\""]""]"
91;1;relax;2011-06-17;"[""[\""relax\""]""]"
92;1;mealpreperation;2011-06-17;"[""[\""mealpreperation\""]""]"
93;1;mealpreperation;2011-06-17;"[""[\""mealpreperation\""]""]"
94;1;bathe;2011-06-17;"[""[\""bathe\""]""]"
95;1;bathe;2011-06-17;"[""[\""bathe\""]""]"
96;1;dress;2011-06-17;"[""[\""dress\""]""]"
97;1;dress;2011-06-17;"[""[\""dress\""]""]"
98;1;personalhygiene;2011-06-17;"[""[\""personalhygiene\""]""]"
99;1;personalhygiene;2011-06-17;"[""[\""personalhygiene\""]""]"
100;1;outdoors;2011-06-17;"[""[\""outdoors\""]""]"
101;1;outdoors;2011-06-17;"[""[\""outdoors\""]""]"
102;1;snack;2011-06-17;"[""[\""snack\""]""]"
103;1;snack;2011-06-17;"[""[\""snack\""]""]"
104;1;mealpreperation;2011-06-17;"[""[\""mealpreperation\""]""]"
105;1;mealpreperation;2011-06-17;"[""[\""mealpreperation\""]""]"
106;1;eatingdrinking;2011-06-17;"[""[\""eatingdrinking\""]""]"
107;1;eatingdrinking;2011-06-17;"[""[\""eatingdrinking\""]""]"
108;1;cleaning;2011-06-17;"[""[\""cleaning\""]""]"
109;1;cleaning;2011-06-17;"[""[\""cleaning\""]""]"
110;1;work;2011-06-17;"[""[\""work\""]""]"
111;1;work;2011-06-17;"[""[\""work\""]""]"
112;1;sleep;2011-06-17;"[""[\""sleep\""]""]"
113;1;sleep;2011-06-17;"[""[\""sleep\""]""]"
114;1;toilet;2011-06-17;"[""[\""toilet\""]""]"
115;1;toilet;2011-06-17;"[""[\""toilet\""]""]"
116;1;outdoors;2011-06-17;"[""[\""outdoors\""]""]"
117;1;outdoors;2011-06-17;"[""[\""outdoors\""]""]"
118;1;work;2011-06-17;"[""[\""work\""]""]"
119;1;work;2011-06-17;"[""[\""work\""]""]"
120;1;snack;2011-06-17;"[""[\""snack\""]""]"
121;1;snack;2011-06-17;"[""[\""snack\""]""]"
122;1;relax;2011-06-17;"[""[\""relax\""]""]"
123;1;relax;2011-06-17;"[""[\""relax\""]""]"
124;1;outdoors;2011-06-17;"[""[\""outdoors\""]""]"
125;1;outdoors;2011-06-17;"[""[\""outdoors\""]""]"
126;1;snack;2011-06-17;"[""[\""snack\""]""]"
127;1;snack;2011-06-17;"[""[\""snack\""]""]"
128;1;relax;2011-06-17;"[""[\""relax\""]""]"
129;1;relax;2011-06-17;"[""[\""relax\""]""]"
130;1;mealpreperation;2011-06-17;"[""[\""mealpreperation\""]""]"
131;1;mealpreperation;2011-06-17;"[""[\""mealpreperation\""]""]"
132;1;eatingdrinking;2011-06-17;"[""[\""eatingdrinking\""]""]"
133;1;eatingdrinking;2011-06-17;"[""[\""eatingdrinking\""]""]"
134;1;cleaning;2011-06-17;"[""[\""cleaning\""]""]"
135;1;cleaning;2011-06-17;"[""[\""cleaning\""]""]"
136;1;watchtv;2011-06-17;"[""[\""watchtv\""]""]"
137;1;watchtv;2011-06-17;"[""[\""watchtv\""]""]"
138;1;snack;2011-06-17;"[""[\""snack\""]""]"
139;1;snack;2011-06-17;"[""[\""snack\""]""]"
140;1;toilet;2011-06-17;"[""[\""toilet\""]""]"
141;1;toilet;2011-06-17;"[""[\""toilet\""]""]"
142;1;snack;2011-06-17;"[""[\""snack\""]""]"
143;1;snack;2011-06-17;"[""[\""snack\""]""]"
144;1;toilet;2011-06-17;"[""[\""toilet\""]""]"
145;1;toilet;2011-06-17;"[""[\""toilet\""]""]"
146;1;relax;2011-06-17;"[""[\""relax\""]""]"
147;1;relax;2011-06-17;"[""[\""relax\""]""]"
148;1;personalhygiene;2011-06-17;"[""[\""personalhygiene\""]""]"
149;1;personalhygiene;2011-06-17;"[""[\""personalhygiene\""]""]"
150;1;sleep;2011-06-17;"[""[\""sleep\""]""]"
151;1;End;2011-06-18;"[""[\""End\""]""]"
152;1;sleep;2011-06-18;"[""[\""sleep\""]""]"
153;1;End;2011-06-18;"[""[\""End\""]""]"
154;2;Start;2011-06-18;"[""[\""Start\""]""]"
155;2;Start;2011-06-18;"[""[\""Start\""]""]"
156;2;toilet;2011-06-18;"[""[\""toilet\""]""]"
157;2;toilet;2011-06-18;"[""[\""toilet\""]""]"
158;2;sleep;2011-06-18;"[""[\""sleep\""]""]"
159;2;sleep;2011-06-18;"[""[\""sleep\""]""]"
160;2;medication;2011-06-18;"[""[\""medication\""]""]"
161;2;medication;2011-06-18;"[""[\""medication\""]""]"
162;2;sleep;2011-06-18;"[""[\""sleep\""]""]"
163;2;sleep;2011-06-18;"[""[\""sleep\""]""]"
164;2;toilet;2011-06-18;"[""[\""toilet\""]""]"
165;2;toilet;2011-06-18;"[""[\""toilet\""]""]"
166;2;mealpreperation;2011-06-18;"[""[\""mealpreperation\""]""]"
167;2;mealpreperation;2011-06-18;"[""[\""mealpreperation\""]""]"
168;2;relax;2011-06-18;"[""[\""relax\""]""]"
169;2;relax;2011-06-18;"[""[\""relax\""]""]"
170;2;toilet;2011-06-18;"[""[\""toilet\""]""]"
171;2;toilet;2011-06-18;"[""[\""toilet\""]""]"
172;2;mealpreperation;2011-06-18;"[""[\""mealpreperation\""]""]"
173;2;mealpreperation;2011-06-18;"[""[\""mealpreperation\""]""]"
174;2;relax;2011-06-18;"[""[\""relax\""]""]"
175;2;relax;2011-06-18;"[""[\""relax\""]""]"
176;2;toilet;2011-06-18;"[""[\""toilet\""]""]"
177;2;toilet;2011-06-18;"[""[\""toilet\""]""]"
178;2;snack;2011-06-18;"[""[\""snack\""]""]"
179;2;snack;2011-06-18;"[""[\""snack\""]""]"
180;2;eatingdrinking;2011-06-18;"[""[\""eatingdrinking\""]""]"
181;2;eatingdrinking;2011-06-18;"[""[\""eatingdrinking\""]""]"
182;2;cleaning;2011-06-18;"[""[\""cleaning\""]""]"
183;2;cleaning;2011-06-18;"[""[\""cleaning\""]""]"
184;2;work;2011-06-18;"[""[\""work\""]""]"
185;2;work;2011-06-18;"[""[\""work\""]""]"
186;2;relax;2011-06-18;"[""[\""relax\""]""]"
187;2;relax;2011-06-18;"[""[\""relax\""]""]"
188;2;snack;2011-06-18;"[""[\""snack\""]""]"
189;2;snack;2011-06-18;"[""[\""snack\""]""]"
190;2;relax;2011-06-18;"[""[\""relax\""]""]"
191;2;relax;2011-06-18;"[""[\""relax\""]""]"
192;2;personalhygiene;2011-06-18;"[""[\""personalhygiene\""]""]"
193;2;personalhygiene;2011-06-18;"[""[\""personalhygiene\""]""]"
194;2;relax;2011-06-18;"[""[\""relax\""]""]"
195;2;relax;2011-06-18;"[""[\""relax\""]""]"
196;2;toilet;2011-06-18;"[""[\""toilet\""]""]"
197;2;toilet;2011-06-18;"[""[\""toilet\""]""]"
198;2;snack;2011-06-18;"[""[\""snack\""]""]"
199;2;snack;2011-06-18;"[""[\""snack\""]""]"
200;2;relax;2011-06-18;"[""[\""relax\""]""]"
201;2;relax;2011-06-18;"[""[\""relax\""]""]"
202;2;mealpreperation;2011-06-18;"[""[\""mealpreperation\""]""]"
203;2;mealpreperation;2011-06-18;"[""[\""mealpreperation\""]""]"
204;2;eatingdrinking;2011-06-18;"[""[\""eatingdrinking\""]""]"
205;2;eatingdrinking;2011-06-18;"[""[\""eatingdrinking\""]""]"
206;2;cleaning;2011-06-18;"[""[\""cleaning\""]""]"
207;2;cleaning;2011-06-18;"[""[\""cleaning\""]""]"
208;2;watchtv;2011-06-18;"[""[\""watchtv\""]""]"
209;2;watchtv;2011-06-18;"[""[\""watchtv\""]""]"
210;2;snack;2011-06-18;"[""[\""snack\""]""]"
211;2;snack;2011-06-18;"[""[\""snack\""]""]"
212;2;watchtv;2011-06-18;"[""[\""watchtv\""]""]"
213;2;watchtv;2011-06-18;"[""[\""watchtv\""]""]"
214;2;personalhygiene;2011-06-18;"[""[\""personalhygiene\""]""]"
215;2;personalhygiene;2011-06-18;"[""[\""personalhygiene\""]""]"
216;2;read;2011-06-18;"[""[\""read\""]""]"
217;2;read;2011-06-18;"[""[\""read\""]""]"
218;2;sleep;2011-06-18;"[""[\""sleep\""]""]"
219;2;sleep;2011-06-19;"[""[\""sleep\""]""]"
220;2;End;2011-06-19;"[""[\""End\""]""]"
221;2;End;2011-06-19;"[""[\""End\""]""]"
222;3;Start;2011-06-20;"[""[\""Start\""]""]"
223;3;sleep;2011-06-20;"[""[\""sleep\""]""]"
224;3;Start;2011-06-20;"[""[\""Start\""]""]"
225;3;sleep;2011-06-21;"[""[\""sleep\""]""]"
226;3;toilet;2011-06-21;"[""[\""toilet\""]""]"
227;3;toilet;2011-06-21;"[""[\""toilet\""]""]"
228;3;sleep;2011-06-21;"[""[\""sleep\""]""]"
229;3;sleep;2011-06-21;"[""[\""sleep\""]""]"
230;3;personalhygiene;2011-06-21;"[""[\""personalhygiene\""]""]"
231;3;personalhygiene;2011-06-21;"[""[\""personalhygiene\""]""]"
232;3;sleep;2011-06-21;"[""[\""sleep\""]""]"
233;3;sleep;2011-06-21;"[""[\""sleep\""]""]"
234;3;relax;2011-06-21;"[""[\""relax\""]""]"
235;3;relax;2011-06-21;"[""[\""relax\""]""]"
236;3;mealpreperation;2011-06-21;"[""[\""mealpreperation\""]""]"
237;3;mealpreperation;2011-06-21;"[""[\""mealpreperation\""]""]"
238;3;eatingdrinking;2011-06-21;"[""[\""eatingdrinking\""]""]"
239;3;eatingdrinking;2011-06-21;"[""[\""eatingdrinking\""]""]"
240;3;relax;2011-06-21;"[""[\""relax\""]""]"
241;3;relax;2011-06-21;"[""[\""relax\""]""]"
242;3;personalhygiene;2011-06-21;"[""[\""personalhygiene\""]""]"
243;3;personalhygiene;2011-06-21;"[""[\""personalhygiene\""]""]"
244;3;outdoors;2011-06-21;"[""[\""outdoors\""]""]"
245;3;outdoors;2011-06-21;"[""[\""outdoors\""]""]"
246;3;relax;2011-06-21;"[""[\""relax\""]""]"
247;3;relax;2011-06-21;"[""[\""relax\""]""]"
248;3;outdoors;2011-06-21;"[""[\""outdoors\""]""]"
249;3;outdoors;2011-06-21;"[""[\""outdoors\""]""]"
250;3;sleep;2011-06-21;"[""[\""sleep\""]""]"
251;3;sleep;2011-06-21;"[""[\""sleep\""]""]"
252;3;toilet;2011-06-21;"[""[\""toilet\""]""]"
253;3;toilet;2011-06-21;"[""[\""toilet\""]""]"
254;3;work;2011-06-21;"[""[\""work\""]""]"
255;3;work;2011-06-21;"[""[\""work\""]""]"
256;3;relax;2011-06-21;"[""[\""relax\""]""]"
257;3;relax;2011-06-21;"[""[\""relax\""]""]"
258;3;mealpreperation;2011-06-21;"[""[\""mealpreperation\""]""]"
259;3;mealpreperation;2011-06-21;"[""[\""mealpreperation\""]""]"
260;3;eatingdrinking;2011-06-21;"[""[\""eatingdrinking\""]""]"
261;3;eatingdrinking;2011-06-21;"[""[\""eatingdrinking\""]""]"
262;3;relax;2011-06-21;"[""[\""relax\""]""]"
263;3;relax;2011-06-21;"[""[\""relax\""]""]"
264;3;cleaning;2011-06-21;"[""[\""cleaning\""]""]"
265;3;cleaning;2011-06-21;"[""[\""cleaning\""]""]"
266;3;relax;2011-06-21;"[""[\""relax\""]""]"
267;3;relax;2011-06-21;"[""[\""relax\""]""]"
268;3;personalhygiene;2011-06-21;"[""[\""personalhygiene\""]""]"
269;3;personalhygiene;2011-06-21;"[""[\""personalhygiene\""]""]"
270;3;groom;2011-06-21;"[""[\""groom\""]""]"
271;3;groom;2011-06-21;"[""[\""groom\""]""]"
272;3;personalhygiene;2011-06-21;"[""[\""personalhygiene\""]""]"
273;3;personalhygiene;2011-06-21;"[""[\""personalhygiene\""]""]"
274;3;sleep;2011-06-21;"[""[\""sleep\""]""]"
275;3;sleep;2011-06-22;"[""[\""sleep\""]""]"
276;3;End;2011-06-22;"[""[\""End\""]""]"
277;3;End;2011-06-22;"[""[\""End\""]""]"
278;4;Start;2011-06-22;"[""[\""Start\""]""]"
279;4;Start;2011-06-22;"[""[\""Start\""]""]"
280;4;toilet;2011-06-22;"[""[\""toilet\""]""]"
281;4;toilet;2011-06-22;"[""[\""toilet\""]""]"
282;4;sleep;2011-06-22;"[""[\""sleep\""]""]"
283;4;sleep;2011-06-22;"[""[\""sleep\""]""]"
284;4;toilet;2011-06-22;"[""[\""toilet\""]""]"
285;4;toilet;2011-06-22;"[""[\""toilet\""]""]"
286;4;sleep;2011-06-22;"[""[\""sleep\""]""]"
287;4;sleep;2011-06-22;"[""[\""sleep\""]""]"
288;4;relax;2011-06-22;"[""[\""relax\""]""]"
289;4;relax;2011-06-22;"[""[\""relax\""]""]"
290;4;mealpreperation;2011-06-22;"[""[\""mealpreperation\""]""]"
291;4;mealpreperation;2011-06-22;"[""[\""mealpreperation\""]""]"
292;4;work;2011-06-22;"[""[\""work\""]""]"
293;4;work;2011-06-22;"[""[\""work\""]""]"
294;4;personalhygiene;2011-06-22;"[""[\""personalhygiene\""]""]"
295;4;personalhygiene;2011-06-22;"[""[\""personalhygiene\""]""]"
296;4;toilet;2011-06-22;"[""[\""toilet\""]""]"
297;4;toilet;2011-06-22;"[""[\""toilet\""]""]"
298;4;outdoors;2011-06-22;"[""[\""outdoors\""]""]"
299;4;outdoors;2011-06-22;"[""[\""outdoors\""]""]"
300;4;toilet;2011-06-22;"[""[\""toilet\""]""]"
301;4;toilet;2011-06-22;"[""[\""toilet\""]""]"
302;4;relax;2011-06-22;"[""[\""relax\""]""]"
303;4;relax;2011-06-22;"[""[\""relax\""]""]"
304;4;toilet;2011-06-22;"[""[\""toilet\""]""]"
305;4;toilet;2011-06-22;"[""[\""toilet\""]""]"
306;4;snack;2011-06-22;"[""[\""snack\""]""]"
307;4;snack;2011-06-22;"[""[\""snack\""]""]"
308;4;relax;2011-06-22;"[""[\""relax\""]""]"
309;4;relax;2011-06-22;"[""[\""relax\""]""]"
310;4;mealpreperation;2011-06-22;"[""[\""mealpreperation\""]""]"
311;4;mealpreperation;2011-06-22;"[""[\""mealpreperation\""]""]"
312;4;relax;2011-06-22;"[""[\""relax\""]""]"
313;4;relax;2011-06-22;"[""[\""relax\""]""]"
314;4;cleaning;2011-06-22;"[""[\""cleaning\""]""]"
315;4;cleaning;2011-06-22;"[""[\""cleaning\""]""]"
316;4;personalhygiene;2011-06-22;"[""[\""personalhygiene\""]""]"
317;4;personalhygiene;2011-06-22;"[""[\""personalhygiene\""]""]"
318;4;read;2011-06-22;"[""[\""read\""]""]"
319;4;read;2011-06-22;"[""[\""read\""]""]"
320;4;personalhygiene;2011-06-22;"[""[\""personalhygiene\""]""]"
321;4;personalhygiene;2011-06-22;"[""[\""personalhygiene\""]""]"
322;4;sleep;2011-06-22;"[""[\""sleep\""]""]"
323;4;sleep;2011-06-23;"[""[\""sleep\""]""]"
324;4;End;2011-06-23;"[""[\""End\""]""]"
325;4;End;2011-06-23;"[""[\""End\""]""]"
326;5;Start;2011-06-23;"[""[\""Start\""]""]"
327;5;Start;2011-06-23;"[""[\""Start\""]""]"
328;5;toilet;2011-06-23;"[""[\""toilet\""]""]"
329;5;toilet;2011-06-23;"[""[\""toilet\""]""]"
330;5;sleep;2011-06-23;"[""[\""sleep\""]""]"
331;5;sleep;2011-06-23;"[""[\""sleep\""]""]"
332;5;toilet;2011-06-23;"[""[\""toilet\""]""]"
333;5;toilet;2011-06-23;"[""[\""toilet\""]""]"
334;5;sleep;2011-06-23;"[""[\""sleep\""]""]"
335;5;sleep;2011-06-23;"[""[\""sleep\""]""]"
336;5;toilet;2011-06-23;"[""[\""toilet\""]""]"
337;5;toilet;2011-06-23;"[""[\""toilet\""]""]"
338;5;dress;2011-06-23;"[""[\""dress\""]""]"
339;5;dress;2011-06-23;"[""[\""dress\""]""]"
340;5;personalhygiene;2011-06-23;"[""[\""personalhygiene\""]""]"
341;5;personalhygiene;2011-06-23;"[""[\""personalhygiene\""]""]"
342;5;mealpreperation;2011-06-23;"[""[\""mealpreperation\""]""]"
343;5;mealpreperation;2011-06-23;"[""[\""mealpreperation\""]""]"
344;5;eatingdrinking;2011-06-23;"[""[\""eatingdrinking\""]""]"
345;5;eatingdrinking;2011-06-23;"[""[\""eatingdrinking\""]""]"
346;5;relax;2011-06-23;"[""[\""relax\""]""]"
347;5;relax;2011-06-23;"[""[\""relax\""]""]"
348;5;toilet;2011-06-23;"[""[\""toilet\""]""]"
349;5;toilet;2011-06-23;"[""[\""toilet\""]""]"
350;5;work;2011-06-23;"[""[\""work\""]""]"
351;5;work;2011-06-23;"[""[\""work\""]""]"
352;5;snack;2011-06-23;"[""[\""snack\""]""]"
353;5;snack;2011-06-23;"[""[\""snack\""]""]"
354;5;relax;2011-06-23;"[""[\""relax\""]""]"
355;5;relax;2011-06-23;"[""[\""relax\""]""]"
356;5;sleep;2011-06-23;"[""[\""sleep\""]""]"
357;5;sleep;2011-06-23;"[""[\""sleep\""]""]"
358;5;toilet;2011-06-23;"[""[\""toilet\""]""]"
359;5;toilet;2011-06-23;"[""[\""toilet\""]""]"
360;5;personalhygiene;2011-06-23;"[""[\""personalhygiene\""]""]"
361;5;personalhygiene;2011-06-23;"[""[\""personalhygiene\""]""]"
362;5;outdoors;2011-06-23;"[""[\""outdoors\""]""]"
363;5;outdoors;2011-06-23;"[""[\""outdoors\""]""]"
364;5;snack;2011-06-23;"[""[\""snack\""]""]"
365;5;snack;2011-06-23;"[""[\""snack\""]""]"
366;5;relax;2011-06-23;"[""[\""relax\""]""]"
367;5;relax;2011-06-23;"[""[\""relax\""]""]"
368;5;mealpreperation;2011-06-23;"[""[\""mealpreperation\""]""]"
369;5;mealpreperation;2011-06-23;"[""[\""mealpreperation\""]""]"
370;5;eatingdrinking;2011-06-23;"[""[\""eatingdrinking\""]""]"
371;5;eatingdrinking;2011-06-23;"[""[\""eatingdrinking\""]""]"
372;5;cleaning;2011-06-23;"[""[\""cleaning\""]""]"
373;5;cleaning;2011-06-23;"[""[\""cleaning\""]""]"
374;5;relax;2011-06-23;"[""[\""relax\""]""]"
375;5;relax;2011-06-23;"[""[\""relax\""]""]"
376;5;snack;2011-06-23;"[""[\""snack\""]""]"
377;5;snack;2011-06-23;"[""[\""snack\""]""]"
378;5;work;2011-06-23;"[""[\""work\""]""]"
379;5;work;2011-06-23;"[""[\""work\""]""]"
380;5;relax;2011-06-23;"[""[\""relax\""]""]"
381;5;relax;2011-06-23;"[""[\""relax\""]""]"
382;5;personalhygiene;2011-06-23;"[""[\""personalhygiene\""]""]"
383;5;personalhygiene;2011-06-23;"[""[\""personalhygiene\""]""]"
384;5;sleep;2011-06-23;"[""[\""sleep\""]""]"
385;5;End;2011-06-24;"[""[\""End\""]""]"
386;5;End;2011-06-24;"[""[\""End\""]""]"
387;5;sleep;2011-06-24;"[""[\""sleep\""]""]"
388;6;toilet;2011-06-24;"[""[\""toilet\""]""]"
389;6;Start;2011-06-24;"[""[\""Start\""]""]"
390;6;Start;2011-06-24;"[""[\""Start\""]""]"
391;6;toilet;2011-06-24;"[""[\""toilet\""]""]"
392;6;relax;2011-06-24;"[""[\""relax\""]""]"
393;6;relax;2011-06-24;"[""[\""relax\""]""]"
394;6;mealpreperation;2011-06-24;"[""[\""mealpreperation\""]""]"
395;6;mealpreperation;2011-06-24;"[""[\""mealpreperation\""]""]"
396;6;groom;2011-06-24;"[""[\""groom\""]""]"
397;6;groom;2011-06-24;"[""[\""groom\""]""]"
398;6;bathe;2011-06-24;"[""[\""bathe\""]""]"
399;6;bathe;2011-06-24;"[""[\""bathe\""]""]"
400;6;dress;2011-06-24;"[""[\""dress\""]""]"
401;6;dress;2011-06-24;"[""[\""dress\""]""]"
402;6;personalhygiene;2011-06-24;"[""[\""personalhygiene\""]""]"
403;6;personalhygiene;2011-06-24;"[""[\""personalhygiene\""]""]"
404;6;outdoors;2011-06-24;"[""[\""outdoors\""]""]"
405;6;outdoors;2011-06-24;"[""[\""outdoors\""]""]"
406;6;snack;2011-06-24;"[""[\""snack\""]""]"
407;6;snack;2011-06-24;"[""[\""snack\""]""]"
408;6;eatingdrinking;2011-06-24;"[""[\""eatingdrinking\""]""]"
409;6;eatingdrinking;2011-06-24;"[""[\""eatingdrinking\""]""]"
410;6;personalhygiene;2011-06-24;"[""[\""personalhygiene\""]""]"
411;6;personalhygiene;2011-06-24;"[""[\""personalhygiene\""]""]"
412;6;outdoors;2011-06-24;"[""[\""outdoors\""]""]"
413;6;outdoors;2011-06-24;"[""[\""outdoors\""]""]"
414;6;relax;2011-06-24;"[""[\""relax\""]""]"
415;6;relax;2011-06-24;"[""[\""relax\""]""]"
416;6;snack;2011-06-24;"[""[\""snack\""]""]"
417;6;snack;2011-06-24;"[""[\""snack\""]""]"
418;6;relax;2011-06-24;"[""[\""relax\""]""]"
419;6;relax;2011-06-24;"[""[\""relax\""]""]"
420;6;mealpreperation;2011-06-24;"[""[\""mealpreperation\""]""]"
421;6;mealpreperation;2011-06-24;"[""[\""mealpreperation\""]""]"
422;6;eatingdrinking;2011-06-24;"[""[\""eatingdrinking\""]""]"
423;6;eatingdrinking;2011-06-24;"[""[\""eatingdrinking\""]""]"
424;6;personalhygiene;2011-06-24;"[""[\""personalhygiene\""]""]"
425;6;personalhygiene;2011-06-24;"[""[\""personalhygiene\""]""]"
426;6;relax;2011-06-24;"[""[\""relax\""]""]"
427;6;relax;2011-06-24;"[""[\""relax\""]""]"
428;6;personalhygiene;2011-06-24;"[""[\""personalhygiene\""]""]"
429;6;personalhygiene;2011-06-24;"[""[\""personalhygiene\""]""]"
430;6;sleep;2011-06-24;"[""[\""sleep\""]""]"
431;6;End;2011-06-25;"[""[\""End\""]""]"
432;6;End;2011-06-25;"[""[\""End\""]""]"
433;6;sleep;2011-06-25;"[""[\""sleep\""]""]"
434;7;Start;2011-06-25;"[""[\""Start\""]""]"
435;7;toilet;2011-06-25;"[""[\""toilet\""]""]"
436;7;Start;2011-06-25;"[""[\""Start\""]""]"
437;7;toilet;2011-06-25;"[""[\""toilet\""]""]"
438;7;sleep;2011-06-25;"[""[\""sleep\""]""]"
439;7;sleep;2011-06-25;"[""[\""sleep\""]""]"
440;7;toilet;2011-06-25;"[""[\""toilet\""]""]"
441;7;toilet;2011-06-25;"[""[\""toilet\""]""]"
442;7;sleep;2011-06-25;"[""[\""sleep\""]""]"
443;7;sleep;2011-06-25;"[""[\""sleep\""]""]"
444;7;toilet;2011-06-25;"[""[\""toilet\""]""]"
445;7;toilet;2011-06-25;"[""[\""toilet\""]""]"
446;7;relax;2011-06-25;"[""[\""relax\""]""]"
447;7;relax;2011-06-25;"[""[\""relax\""]""]"
448;7;snack;2011-06-25;"[""[\""snack\""]""]"
449;7;snack;2011-06-25;"[""[\""snack\""]""]"
450;7;toilet;2011-06-25;"[""[\""toilet\""]""]"
451;7;toilet;2011-06-25;"[""[\""toilet\""]""]"
452;7;bathe;2011-06-25;"[""[\""bathe\""]""]"
453;7;bathe;2011-06-25;"[""[\""bathe\""]""]"
454;7;dress;2011-06-25;"[""[\""dress\""]""]"
455;7;dress;2011-06-25;"[""[\""dress\""]""]"
456;7;personalhygiene;2011-06-25;"[""[\""personalhygiene\""]""]"
457;7;personalhygiene;2011-06-25;"[""[\""personalhygiene\""]""]"
458;7;toilet;2011-06-25;"[""[\""toilet\""]""]"
459;7;toilet;2011-06-25;"[""[\""toilet\""]""]"
460;7;outdoors;2011-06-25;"[""[\""outdoors\""]""]"
461;7;outdoors;2011-06-25;"[""[\""outdoors\""]""]"
462;7;personalhygiene;2011-06-25;"[""[\""personalhygiene\""]""]"
463;7;personalhygiene;2011-06-25;"[""[\""personalhygiene\""]""]"
464;7;outdoors;2011-06-25;"[""[\""outdoors\""]""]"
465;7;outdoors;2011-06-25;"[""[\""outdoors\""]""]"
466;7;sleep;2011-06-25;"[""[\""sleep\""]""]"
467;7;sleep;2011-06-25;"[""[\""sleep\""]""]"
468;7;toilet;2011-06-25;"[""[\""toilet\""]""]"
469;7;toilet;2011-06-25;"[""[\""toilet\""]""]"
470;7;relax;2011-06-25;"[""[\""relax\""]""]"
471;7;relax;2011-06-25;"[""[\""relax\""]""]"
472;7;mealpreperation;2011-06-25;"[""[\""mealpreperation\""]""]"
473;7;mealpreperation;2011-06-25;"[""[\""mealpreperation\""]""]"
474;7;eatingdrinking;2011-06-25;"[""[\""eatingdrinking\""]""]"
475;7;eatingdrinking;2011-06-25;"[""[\""eatingdrinking\""]""]"
476;7;cleaning;2011-06-25;"[""[\""cleaning\""]""]"
477;7;cleaning;2011-06-25;"[""[\""cleaning\""]""]"
478;7;relax;2011-06-25;"[""[\""relax\""]""]"
479;7;relax;2011-06-25;"[""[\""relax\""]""]"
480;7;personalhygiene;2011-06-25;"[""[\""personalhygiene\""]""]"
481;7;personalhygiene;2011-06-25;"[""[\""personalhygiene\""]""]"
482;7;relax;2011-06-25;"[""[\""relax\""]""]"
483;7;relax;2011-06-25;"[""[\""relax\""]""]"
484;7;personalhygiene;2011-06-25;"[""[\""personalhygiene\""]""]"
485;7;personalhygiene;2011-06-25;"[""[\""personalhygiene\""]""]"
486;7;sleep;2011-06-25;"[""[\""sleep\""]""]"
487;7;End;2011-06-26;"[""[\""End\""]""]"
488;7;sleep;2011-06-26;"[""[\""sleep\""]""]"
489;7;End;2011-06-26;"[""[\""End\""]""]"
490;8;toilet;2011-06-28;"[""[\""toilet\""]""]"
491;8;Start;2011-06-28;"[""[\""Start\""]""]"
492;8;Start;2011-06-28;"[""[\""Start\""]""]"
493;8;toilet;2011-06-28;"[""[\""toilet\""]""]"
494;8;sleep;2011-06-28;"[""[\""sleep\""]""]"
495;8;sleep;2011-06-28;"[""[\""sleep\""]""]"
496;8;medication;2011-06-28;"[""[\""medication\""]""]"
497;8;medication;2011-06-28;"[""[\""medication\""]""]"
498;8;sleep;2011-06-28;"[""[\""sleep\""]""]"
499;8;sleep;2011-06-28;"[""[\""sleep\""]""]"
500;8;toilet;2011-06-28;"[""[\""toilet\""]""]"
501;8;toilet;2011-06-28;"[""[\""toilet\""]""]"
502;8;personalhygiene;2011-06-28;"[""[\""personalhygiene\""]""]"
503;8;personalhygiene;2011-06-28;"[""[\""personalhygiene\""]""]"
504;8;relax;2011-06-28;"[""[\""relax\""]""]"
505;8;relax;2011-06-28;"[""[\""relax\""]""]"
506;8;mealpreperation;2011-06-28;"[""[\""mealpreperation\""]""]"
507;8;mealpreperation;2011-06-28;"[""[\""mealpreperation\""]""]"
508;8;eatingdrinking;2011-06-28;"[""[\""eatingdrinking\""]""]"
509;8;eatingdrinking;2011-06-28;"[""[\""eatingdrinking\""]""]"
510;8;cleaning;2011-06-28;"[""[\""cleaning\""]""]"
511;8;cleaning;2011-06-28;"[""[\""cleaning\""]""]"
512;8;relax;2011-06-28;"[""[\""relax\""]""]"
513;8;relax;2011-06-28;"[""[\""relax\""]""]"
514;8;personalhygiene;2011-06-28;"[""[\""personalhygiene\""]""]"
515;8;personalhygiene;2011-06-28;"[""[\""personalhygiene\""]""]"
516;8;groom;2011-06-28;"[""[\""groom\""]""]"
517;8;groom;2011-06-28;"[""[\""groom\""]""]"
518;8;personalhygiene;2011-06-28;"[""[\""personalhygiene\""]""]"
519;8;personalhygiene;2011-06-28;"[""[\""personalhygiene\""]""]"
520;8;relax;2011-06-28;"[""[\""relax\""]""]"
521;8;relax;2011-06-28;"[""[\""relax\""]""]"
522;8;personalhygiene;2011-06-28;"[""[\""personalhygiene\""]""]"
523;8;personalhygiene;2011-06-28;"[""[\""personalhygiene\""]""]"
524;8;relax;2011-06-28;"[""[\""relax\""]""]"
525;8;relax;2011-06-28;"[""[\""relax\""]""]"
526;8;snack;2011-06-28;"[""[\""snack\""]""]"
527;8;snack;2011-06-28;"[""[\""snack\""]""]"
528;8;personalhygiene;2011-06-28;"[""[\""personalhygiene\""]""]"
529;8;personalhygiene;2011-06-28;"[""[\""personalhygiene\""]""]"
530;8;relax;2011-06-28;"[""[\""relax\""]""]"
531;8;relax;2011-06-28;"[""[\""relax\""]""]"
532;8;personalhygiene;2011-06-28;"[""[\""personalhygiene\""]""]"
533;8;personalhygiene;2011-06-28;"[""[\""personalhygiene\""]""]"
534;8;toilet;2011-06-28;"[""[\""toilet\""]""]"
535;8;toilet;2011-06-28;"[""[\""toilet\""]""]"
536;8;relax;2011-06-28;"[""[\""relax\""]""]"
537;8;relax;2011-06-28;"[""[\""relax\""]""]"
538;8;personalhygiene;2011-06-28;"[""[\""personalhygiene\""]""]"
539;8;personalhygiene;2011-06-28;"[""[\""personalhygiene\""]""]"
540;8;outdoors;2011-06-28;"[""[\""outdoors\""]""]"
541;8;outdoors;2011-06-28;"[""[\""outdoors\""]""]"
542;8;relax;2011-06-28;"[""[\""relax\""]""]"
543;8;relax;2011-06-28;"[""[\""relax\""]""]"
544;8;mealpreperation;2011-06-28;"[""[\""mealpreperation\""]""]"
545;8;mealpreperation;2011-06-28;"[""[\""mealpreperation\""]""]"
546;8;eatingdrinking;2011-06-28;"[""[\""eatingdrinking\""]""]"
547;8;eatingdrinking;2011-06-28;"[""[\""eatingdrinking\""]""]"
548;8;relax;2011-06-28;"[""[\""relax\""]""]"
549;8;relax;2011-06-28;"[""[\""relax\""]""]"
550;8;snack;2011-06-28;"[""[\""snack\""]""]"
551;8;snack;2011-06-28;"[""[\""snack\""]""]"
552;8;read;2011-06-28;"[""[\""read\""]""]"
553;8;read;2011-06-28;"[""[\""read\""]""]"
554;8;personalhygiene;2011-06-28;"[""[\""personalhygiene\""]""]"
555;8;personalhygiene;2011-06-28;"[""[\""personalhygiene\""]""]"
556;8;sleep;2011-06-28;"[""[\""sleep\""]""]"
557;8;sleep;2011-06-29;"[""[\""sleep\""]""]"
558;8;End;2011-06-29;"[""[\""End\""]""]"
559;8;End;2011-06-29;"[""[\""End\""]""]"
560;9;Start;2011-06-29;"[""[\""Start\""]""]"
561;9;Start;2011-06-29;"[""[\""Start\""]""]"
562;9;toilet;2011-06-29;"[""[\""toilet\""]""]"
563;9;toilet;2011-06-29;"[""[\""toilet\""]""]"
564;9;sleep;2011-06-29;"[""[\""sleep\""]""]"
565;9;sleep;2011-06-29;"[""[\""sleep\""]""]"
566;9;toilet;2011-06-29;"[""[\""toilet\""]""]"
567;9;toilet;2011-06-29;"[""[\""toilet\""]""]"
568;9;sleep;2011-06-29;"[""[\""sleep\""]""]"
569;9;sleep;2011-06-29;"[""[\""sleep\""]""]"
570;9;toilet;2011-06-29;"[""[\""toilet\""]""]"
571;9;toilet;2011-06-29;"[""[\""toilet\""]""]"
572;9;sleep;2011-06-29;"[""[\""sleep\""]""]"
573;9;sleep;2011-06-29;"[""[\""sleep\""]""]"
574;9;relax;2011-06-29;"[""[\""relax\""]""]"
575;9;relax;2011-06-29;"[""[\""relax\""]""]"
576;9;mealpreperation;2011-06-29;"[""[\""mealpreperation\""]""]"
577;9;mealpreperation;2011-06-29;"[""[\""mealpreperation\""]""]"
578;9;personalhygiene;2011-06-29;"[""[\""personalhygiene\""]""]"
579;9;personalhygiene;2011-06-29;"[""[\""personalhygiene\""]""]"
580;9;dress;2011-06-29;"[""[\""dress\""]""]"
581;9;dress;2011-06-29;"[""[\""dress\""]""]"
582;9;groom;2011-06-29;"[""[\""groom\""]""]"
583;9;groom;2011-06-29;"[""[\""groom\""]""]"
584;9;outdoors;2011-06-29;"[""[\""outdoors\""]""]"
585;9;outdoors;2011-06-29;"[""[\""outdoors\""]""]"
586;9;toilet;2011-06-29;"[""[\""toilet\""]""]"
587;9;toilet;2011-06-29;"[""[\""toilet\""]""]"
588;9;outdoors;2011-06-29;"[""[\""outdoors\""]""]"
589;9;outdoors;2011-06-29;"[""[\""outdoors\""]""]"
590;9;relax;2011-06-29;"[""[\""relax\""]""]"
591;9;relax;2011-06-29;"[""[\""relax\""]""]"
592;9;outdoors;2011-06-29;"[""[\""outdoors\""]""]"
593;9;outdoors;2011-06-29;"[""[\""outdoors\""]""]"
594;9;toilet;2011-06-29;"[""[\""toilet\""]""]"
595;9;toilet;2011-06-29;"[""[\""toilet\""]""]"
596;9;relax;2011-06-29;"[""[\""relax\""]""]"
597;9;relax;2011-06-29;"[""[\""relax\""]""]"
598;9;mealpreperation;2011-06-29;"[""[\""mealpreperation\""]""]"
599;9;mealpreperation;2011-06-29;"[""[\""mealpreperation\""]""]"
600;9;eatingdrinking;2011-06-29;"[""[\""eatingdrinking\""]""]"
601;9;eatingdrinking;2011-06-29;"[""[\""eatingdrinking\""]""]"
602;9;outdoors;2011-06-29;"[""[\""outdoors\""]""]"
603;9;outdoors;2011-06-29;"[""[\""outdoors\""]""]"
604;9;sleep;2011-06-29;"[""[\""sleep\""]""]"
605;9;sleep;2011-06-29;"[""[\""sleep\""]""]"
606;9;relax;2011-06-29;"[""[\""relax\""]""]"
607;9;relax;2011-06-29;"[""[\""relax\""]""]"
608;9;personalhygiene;2011-06-29;"[""[\""personalhygiene\""]""]"
609;9;personalhygiene;2011-06-29;"[""[\""personalhygiene\""]""]"
610;9;relax;2011-06-29;"[""[\""relax\""]""]"
611;9;relax;2011-06-29;"[""[\""relax\""]""]"
612;9;snack;2011-06-29;"[""[\""snack\""]""]"
613;9;snack;2011-06-29;"[""[\""snack\""]""]"
614;9;mealpreperation;2011-06-29;"[""[\""mealpreperation\""]""]"
615;9;mealpreperation;2011-06-29;"[""[\""mealpreperation\""]""]"
616;9;eatingdrinking;2011-06-29;"[""[\""eatingdrinking\""]""]"
617;9;eatingdrinking;2011-06-29;"[""[\""eatingdrinking\""]""]"
618;9;cleaning;2011-06-29;"[""[\""cleaning\""]""]"
619;9;cleaning;2011-06-29;"[""[\""cleaning\""]""]"
620;9;relax;2011-06-29;"[""[\""relax\""]""]"
621;9;relax;2011-06-29;"[""[\""relax\""]""]"
622;9;snack;2011-06-29;"[""[\""snack\""]""]"
623;9;snack;2011-06-29;"[""[\""snack\""]""]"
624;9;relax;2011-06-29;"[""[\""relax\""]""]"
625;9;relax;2011-06-29;"[""[\""relax\""]""]"
626;9;read;2011-06-29;"[""[\""read\""]""]"
627;9;read;2011-06-29;"[""[\""read\""]""]"
628;9;personalhygiene;2011-06-29;"[""[\""personalhygiene\""]""]"
629;9;personalhygiene;2011-06-29;"[""[\""personalhygiene\""]""]"
630;9;sleep;2011-06-29;"[""[\""sleep\""]""]"
631;9;sleep;2011-06-30;"[""[\""sleep\""]""]"
632;9;End;2011-06-30;"[""[\""End\""]""]"
633;9;End;2011-06-30;"[""[\""End\""]""]"
634;10;toilet;2011-06-30;"[""[\""toilet\""]""]"
635;10;Start;2011-06-30;"[""[\""Start\""]""]"
636;10;Start;2011-06-30;"[""[\""Start\""]""]"
637;10;toilet;2011-06-30;"[""[\""toilet\""]""]"
638;10;sleep;2011-06-30;"[""[\""sleep\""]""]"
639;10;sleep;2011-06-30;"[""[\""sleep\""]""]"
640;10;toilet;2011-06-30;"[""[\""toilet\""]""]"
641;10;toilet;2011-06-30;"[""[\""toilet\""]""]"
642;10;sleep;2011-06-30;"[""[\""sleep\""]""]"
643;10;sleep;2011-06-30;"[""[\""sleep\""]""]"
644;10;toilet;2011-06-30;"[""[\""toilet\""]""]"
645;10;toilet;2011-06-30;"[""[\""toilet\""]""]"
646;10;sleep;2011-06-30;"[""[\""sleep\""]""]"
647;10;sleep;2011-06-30;"[""[\""sleep\""]""]"
648;10;relax;2011-06-30;"[""[\""relax\""]""]"
649;10;relax;2011-06-30;"[""[\""relax\""]""]"
650;10;mealpreperation;2011-06-30;"[""[\""mealpreperation\""]""]"
651;10;mealpreperation;2011-06-30;"[""[\""mealpreperation\""]""]"
652;10;relax;2011-06-30;"[""[\""relax\""]""]"
653;10;relax;2011-06-30;"[""[\""relax\""]""]"
654;10;toilet;2011-06-30;"[""[\""toilet\""]""]"
655;10;toilet;2011-06-30;"[""[\""toilet\""]""]"
656;10;work;2011-06-30;"[""[\""work\""]""]"
657;10;work;2011-06-30;"[""[\""work\""]""]"
658;10;personalhygiene;2011-06-30;"[""[\""personalhygiene\""]""]"
659;10;personalhygiene;2011-06-30;"[""[\""personalhygiene\""]""]"
660;10;groom;2011-06-30;"[""[\""groom\""]""]"
661;10;groom;2011-06-30;"[""[\""groom\""]""]"
662;10;personalhygiene;2011-06-30;"[""[\""personalhygiene\""]""]"
663;10;personalhygiene;2011-06-30;"[""[\""personalhygiene\""]""]"
664;10;snack;2011-06-30;"[""[\""snack\""]""]"
665;10;snack;2011-06-30;"[""[\""snack\""]""]"
666;10;eatingdrinking;2011-06-30;"[""[\""eatingdrinking\""]""]"
667;10;eatingdrinking;2011-06-30;"[""[\""eatingdrinking\""]""]"
668;10;cleaning;2011-06-30;"[""[\""cleaning\""]""]"
669;10;cleaning;2011-06-30;"[""[\""cleaning\""]""]"
670;10;relax;2011-06-30;"[""[\""relax\""]""]"
671;10;relax;2011-06-30;"[""[\""relax\""]""]"
672;10;snack;2011-06-30;"[""[\""snack\""]""]"
673;10;snack;2011-06-30;"[""[\""snack\""]""]"
674;10;relax;2011-06-30;"[""[\""relax\""]""]"
675;10;relax;2011-06-30;"[""[\""relax\""]""]"
676;10;toilet;2011-06-30;"[""[\""toilet\""]""]"
677;10;toilet;2011-06-30;"[""[\""toilet\""]""]"
678;10;relax;2011-06-30;"[""[\""relax\""]""]"
679;10;relax;2011-06-30;"[""[\""relax\""]""]"
680;10;snack;2011-06-30;"[""[\""snack\""]""]"
681;10;snack;2011-06-30;"[""[\""snack\""]""]"
682;10;relax;2011-06-30;"[""[\""relax\""]""]"
683;10;relax;2011-06-30;"[""[\""relax\""]""]"
684;10;snack;2011-06-30;"[""[\""snack\""]""]"
685;10;snack;2011-06-30;"[""[\""snack\""]""]"
686;10;eatingdrinking;2011-06-30;"[""[\""eatingdrinking\""]""]"
687;10;eatingdrinking;2011-06-30;"[""[\""eatingdrinking\""]""]"
688;10;cleaning;2011-06-30;"[""[\""cleaning\""]""]"
689;10;cleaning;2011-06-30;"[""[\""cleaning\""]""]"
690;10;relax;2011-06-30;"[""[\""relax\""]""]"
691;10;relax;2011-06-30;"[""[\""relax\""]""]"
692;10;personalhygiene;2011-06-30;"[""[\""personalhygiene\""]""]"
693;10;personalhygiene;2011-06-30;"[""[\""personalhygiene\""]""]"
694;10;relax;2011-06-30;"[""[\""relax\""]""]"
695;10;relax;2011-06-30;"[""[\""relax\""]""]"
696;10;outdoors;2011-06-30;"[""[\""outdoors\""]""]"
697;10;outdoors;2011-06-30;"[""[\""outdoors\""]""]"
698;10;toilet;2011-06-30;"[""[\""toilet\""]""]"
699;10;toilet;2011-06-30;"[""[\""toilet\""]""]"
700;10;personalhygiene;2011-06-30;"[""[\""personalhygiene\""]""]"
701;10;personalhygiene;2011-06-30;"[""[\""personalhygiene\""]""]"
702;10;sleep;2011-06-30;"[""[\""sleep\""]""]"
703;10;End;2011-07-01;"[""[\""End\""]""]"
704;10;End;2011-07-01;"[""[\""End\""]""]"
705;10;sleep;2011-07-01;"[""[\""sleep\""]""]"
706;11;toilet;2011-07-01;"[""[\""toilet\""]""]"
707;11;Start;2011-07-01;"[""[\""Start\""]""]"
708;11;Start;2011-07-01;"[""[\""Start\""]""]"
709;11;toilet;2011-07-01;"[""[\""toilet\""]""]"
710;11;sleep;2011-07-01;"[""[\""sleep\""]""]"
711;11;sleep;2011-07-01;"[""[\""sleep\""]""]"
712;11;toilet;2011-07-01;"[""[\""toilet\""]""]"
713;11;toilet;2011-07-01;"[""[\""toilet\""]""]"
714;11;sleep;2011-07-01;"[""[\""sleep\""]""]"
715;11;sleep;2011-07-01;"[""[\""sleep\""]""]"
716;11;relax;2011-07-01;"[""[\""relax\""]""]"
717;11;mealpreperation;2011-07-01;"[""[\""mealpreperation\""]""]"
718;11;relax;2011-07-01;"[""[\""relax\""]""]"
719;11;mealpreperation;2011-07-01;"[""[\""mealpreperation\""]""]"
720;11;eatingdrinking;2011-07-01;"[""[\""eatingdrinking\""]""]"
721;11;eatingdrinking;2011-07-01;"[""[\""eatingdrinking\""]""]"
722;11;cleaning;2011-07-01;"[""[\""cleaning\""]""]"
723;11;cleaning;2011-07-01;"[""[\""cleaning\""]""]"
724;11;personalhygiene;2011-07-01;"[""[\""personalhygiene\""]""]"
725;11;personalhygiene;2011-07-01;"[""[\""personalhygiene\""]""]"
726;11;bathe;2011-07-01;"[""[\""bathe\""]""]"
727;11;bathe;2011-07-01;"[""[\""bathe\""]""]"
728;11;personalhygiene;2011-07-01;"[""[\""personalhygiene\""]""]"
729;11;personalhygiene;2011-07-01;"[""[\""personalhygiene\""]""]"
730;11;groom;2011-07-01;"[""[\""groom\""]""]"
731;11;groom;2011-07-01;"[""[\""groom\""]""]"
732;11;personalhygiene;2011-07-01;"[""[\""personalhygiene\""]""]"
733;11;personalhygiene;2011-07-01;"[""[\""personalhygiene\""]""]"
734;11;snack;2011-07-01;"[""[\""snack\""]""]"
735;11;snack;2011-07-01;"[""[\""snack\""]""]"
736;11;toilet;2011-07-01;"[""[\""toilet\""]""]"
737;11;toilet;2011-07-01;"[""[\""toilet\""]""]"
738;11;relax;2011-07-01;"[""[\""relax\""]""]"
739;11;relax;2011-07-01;"[""[\""relax\""]""]"
740;11;toilet;2011-07-01;"[""[\""toilet\""]""]"
741;11;toilet;2011-07-01;"[""[\""toilet\""]""]"
742;11;outdoors;2011-07-01;"[""[\""outdoors\""]""]"
743;11;outdoors;2011-07-01;"[""[\""outdoors\""]""]"
744;11;snack;2011-07-01;"[""[\""snack\""]""]"
745;11;snack;2011-07-01;"[""[\""snack\""]""]"
746;11;relax;2011-07-01;"[""[\""relax\""]""]"
747;11;relax;2011-07-01;"[""[\""relax\""]""]"
748;11;mealpreperation;2011-07-01;"[""[\""mealpreperation\""]""]"
749;11;mealpreperation;2011-07-01;"[""[\""mealpreperation\""]""]"
750;11;eatingdrinking;2011-07-01;"[""[\""eatingdrinking\""]""]"
751;11;cleaning;2011-07-01;"[""[\""cleaning\""]""]"
752;11;eatingdrinking;2011-07-01;"[""[\""eatingdrinking\""]""]"
753;11;cleaning;2011-07-01;"[""[\""cleaning\""]""]"
754;11;relax;2011-07-01;"[""[\""relax\""]""]"
755;11;relax;2011-07-01;"[""[\""relax\""]""]"
756;11;snack;2011-07-01;"[""[\""snack\""]""]"
757;11;snack;2011-07-01;"[""[\""snack\""]""]"
758;11;groom;2011-07-01;"[""[\""groom\""]""]"
759;11;groom;2011-07-01;"[""[\""groom\""]""]"
760;11;personalhygiene;2011-07-01;"[""[\""personalhygiene\""]""]"
761;11;personalhygiene;2011-07-01;"[""[\""personalhygiene\""]""]"
762;11;sleep;2011-07-01;"[""[\""sleep\""]""]"
763;11;sleep;2011-07-01;"[""[\""sleep\""]""]"
764;11;toilet;2011-07-01;"[""[\""toilet\""]""]"
765;11;toilet;2011-07-01;"[""[\""toilet\""]""]"
766;11;sleep;2011-07-01;"[""[\""sleep\""]""]"
767;11;End;2011-07-02;"[""[\""End\""]""]"
768;11;End;2011-07-02;"[""[\""End\""]""]"
769;11;sleep;2011-07-02;"[""[\""sleep\""]""]"
770;12;Start;2011-07-02;"[""[\""Start\""]""]"
771;12;Start;2011-07-02;"[""[\""Start\""]""]"
772;12;toilet;2011-07-02;"[""[\""toilet\""]""]"
773;12;toilet;2011-07-02;"[""[\""toilet\""]""]"
774;12;sleep;2011-07-02;"[""[\""sleep\""]""]"
775;12;sleep;2011-07-02;"[""[\""sleep\""]""]"
776;12;personalhygiene;2011-07-02;"[""[\""personalhygiene\""]""]"
777;12;personalhygiene;2011-07-02;"[""[\""personalhygiene\""]""]"
778;12;groom;2011-07-02;"[""[\""groom\""]""]"
779;12;groom;2011-07-02;"[""[\""groom\""]""]"
780;12;relax;2011-07-02;"[""[\""relax\""]""]"
781;12;relax;2011-07-02;"[""[\""relax\""]""]"
782;12;snack;2011-07-02;"[""[\""snack\""]""]"
783;12;snack;2011-07-02;"[""[\""snack\""]""]"
784;12;relax;2011-07-02;"[""[\""relax\""]""]"
785;12;relax;2011-07-02;"[""[\""relax\""]""]"
786;12;snack;2011-07-02;"[""[\""snack\""]""]"
787;12;snack;2011-07-02;"[""[\""snack\""]""]"
788;12;toilet;2011-07-02;"[""[\""toilet\""]""]"
789;12;toilet;2011-07-02;"[""[\""toilet\""]""]"
790;12;work;2011-07-02;"[""[\""work\""]""]"
791;12;work;2011-07-02;"[""[\""work\""]""]"
792;12;groom;2011-07-02;"[""[\""groom\""]""]"
793;12;groom;2011-07-02;"[""[\""groom\""]""]"
794;12;personalhygiene;2011-07-02;"[""[\""personalhygiene\""]""]"
795;12;personalhygiene;2011-07-02;"[""[\""personalhygiene\""]""]"
796;12;groom;2011-07-02;"[""[\""groom\""]""]"
797;12;groom;2011-07-02;"[""[\""groom\""]""]"
798;12;personalhygiene;2011-07-02;"[""[\""personalhygiene\""]""]"
799;12;personalhygiene;2011-07-02;"[""[\""personalhygiene\""]""]"
800;12;toilet;2011-07-02;"[""[\""toilet\""]""]"
801;12;toilet;2011-07-02;"[""[\""toilet\""]""]"
802;12;snack;2011-07-02;"[""[\""snack\""]""]"
803;12;snack;2011-07-02;"[""[\""snack\""]""]"
804;12;toilet;2011-07-02;"[""[\""toilet\""]""]"
805;12;toilet;2011-07-02;"[""[\""toilet\""]""]"
806;12;outdoors;2011-07-02;"[""[\""outdoors\""]""]"
807;12;outdoors;2011-07-02;"[""[\""outdoors\""]""]"
808;12;relax;2011-07-02;"[""[\""relax\""]""]"
809;12;relax;2011-07-02;"[""[\""relax\""]""]"
810;12;toilet;2011-07-02;"[""[\""toilet\""]""]"
811;12;toilet;2011-07-02;"[""[\""toilet\""]""]"
812;12;personalhygiene;2011-07-02;"[""[\""personalhygiene\""]""]"
813;12;personalhygiene;2011-07-02;"[""[\""personalhygiene\""]""]"
814;12;relax;2011-07-02;"[""[\""relax\""]""]"
815;12;relax;2011-07-02;"[""[\""relax\""]""]"
816;12;personalhygiene;2011-07-02;"[""[\""personalhygiene\""]""]"
817;12;End;2011-07-02;"[""[\""End\""]""]"
818;12;End;2011-07-02;"[""[\""End\""]""]"
819;12;personalhygiene;2011-07-02;"[""[\""personalhygiene\""]""]"
820;13;Start;2011-07-05;"[""[\""Start\""]""]"
821;13;Start;2011-07-05;"[""[\""Start\""]""]"
822;13;toilet;2011-07-05;"[""[\""toilet\""]""]"
823;13;toilet;2011-07-05;"[""[\""toilet\""]""]"
824;13;sleep;2011-07-05;"[""[\""sleep\""]""]"
825;13;sleep;2011-07-05;"[""[\""sleep\""]""]"
826;13;toilet;2011-07-05;"[""[\""toilet\""]""]"
827;13;toilet;2011-07-05;"[""[\""toilet\""]""]"
828;13;sleep;2011-07-05;"[""[\""sleep\""]""]"
829;13;sleep;2011-07-05;"[""[\""sleep\""]""]"
830;13;toilet;2011-07-05;"[""[\""toilet\""]""]"
831;13;toilet;2011-07-05;"[""[\""toilet\""]""]"
832;13;personalhygiene;2011-07-05;"[""[\""personalhygiene\""]""]"
833;13;personalhygiene;2011-07-05;"[""[\""personalhygiene\""]""]"
834;13;outdoors;2011-07-05;"[""[\""outdoors\""]""]"
835;13;outdoors;2011-07-05;"[""[\""outdoors\""]""]"
836;13;medication;2011-07-05;"[""[\""medication\""]""]"
837;13;medication;2011-07-05;"[""[\""medication\""]""]"
838;13;bathe;2011-07-05;"[""[\""bathe\""]""]"
839;13;bathe;2011-07-05;"[""[\""bathe\""]""]"
840;13;dress;2011-07-05;"[""[\""dress\""]""]"
841;13;dress;2011-07-05;"[""[\""dress\""]""]"
842;13;personalhygiene;2011-07-05;"[""[\""personalhygiene\""]""]"
843;13;personalhygiene;2011-07-05;"[""[\""personalhygiene\""]""]"
844;13;toilet;2011-07-05;"[""[\""toilet\""]""]"
845;13;toilet;2011-07-05;"[""[\""toilet\""]""]"
846;13;relax;2011-07-05;"[""[\""relax\""]""]"
847;13;relax;2011-07-05;"[""[\""relax\""]""]"
848;13;mealpreperation;2011-07-05;"[""[\""mealpreperation\""]""]"
849;13;mealpreperation;2011-07-05;"[""[\""mealpreperation\""]""]"
850;13;eatingdrinking;2011-07-05;"[""[\""eatingdrinking\""]""]"
851;13;eatingdrinking;2011-07-05;"[""[\""eatingdrinking\""]""]"
852;13;cleaning;2011-07-05;"[""[\""cleaning\""]""]"
853;13;cleaning;2011-07-05;"[""[\""cleaning\""]""]"
854;13;relax;2011-07-05;"[""[\""relax\""]""]"
855;13;relax;2011-07-05;"[""[\""relax\""]""]"
856;13;toilet;2011-07-05;"[""[\""toilet\""]""]"
857;13;toilet;2011-07-05;"[""[\""toilet\""]""]"
858;13;relax;2011-07-05;"[""[\""relax\""]""]"
859;13;relax;2011-07-05;"[""[\""relax\""]""]"
860;13;snack;2011-07-05;"[""[\""snack\""]""]"
861;13;snack;2011-07-05;"[""[\""snack\""]""]"
862;13;relax;2011-07-05;"[""[\""relax\""]""]"
863;13;relax;2011-07-05;"[""[\""relax\""]""]"
864;13;personalhygiene;2011-07-05;"[""[\""personalhygiene\""]""]"
865;13;personalhygiene;2011-07-05;"[""[\""personalhygiene\""]""]"
866;13;toilet;2011-07-05;"[""[\""toilet\""]""]"
867;13;toilet;2011-07-05;"[""[\""toilet\""]""]"
868;13;outdoors;2011-07-05;"[""[\""outdoors\""]""]"
869;13;outdoors;2011-07-05;"[""[\""outdoors\""]""]"
870;13;personalhygiene;2011-07-05;"[""[\""personalhygiene\""]""]"
871;13;personalhygiene;2011-07-05;"[""[\""personalhygiene\""]""]"
872;13;relax;2011-07-05;"[""[\""relax\""]""]"
873;13;relax;2011-07-05;"[""[\""relax\""]""]"
874;13;watchtv;2011-07-05;"[""[\""watchtv\""]""]"
875;13;watchtv;2011-07-05;"[""[\""watchtv\""]""]"
876;13;personalhygiene;2011-07-05;"[""[\""personalhygiene\""]""]"
877;13;personalhygiene;2011-07-05;"[""[\""personalhygiene\""]""]"
878;13;toilet;2011-07-05;"[""[\""toilet\""]""]"
879;13;toilet;2011-07-05;"[""[\""toilet\""]""]"
880;13;sleep;2011-07-05;"[""[\""sleep\""]""]"
881;13;End;2011-07-06;"[""[\""End\""]""]"
882;13;sleep;2011-07-06;"[""[\""sleep\""]""]"
883;13;End;2011-07-06;"[""[\""End\""]""]"
884;14;toilet;2011-07-06;"[""[\""toilet\""]""]"
885;14;Start;2011-07-06;"[""[\""Start\""]""]"
886;14;Start;2011-07-06;"[""[\""Start\""]""]"
887;14;toilet;2011-07-06;"[""[\""toilet\""]""]"
888;14;sleep;2011-07-06;"[""[\""sleep\""]""]"
889;14;sleep;2011-07-06;"[""[\""sleep\""]""]"
890;14;toilet;2011-07-06;"[""[\""toilet\""]""]"
891;14;toilet;2011-07-06;"[""[\""toilet\""]""]"
892;14;dress;2011-07-06;"[""[\""dress\""]""]"
893;14;dress;2011-07-06;"[""[\""dress\""]""]"
894;14;relax;2011-07-06;"[""[\""relax\""]""]"
895;14;relax;2011-07-06;"[""[\""relax\""]""]"
896;14;mealpreperation;2011-07-06;"[""[\""mealpreperation\""]""]"
897;14;mealpreperation;2011-07-06;"[""[\""mealpreperation\""]""]"
898;14;eatingdrinking;2011-07-06;"[""[\""eatingdrinking\""]""]"
899;14;eatingdrinking;2011-07-06;"[""[\""eatingdrinking\""]""]"
900;14;relax;2011-07-06;"[""[\""relax\""]""]"
901;14;relax;2011-07-06;"[""[\""relax\""]""]"
902;14;toilet;2011-07-06;"[""[\""toilet\""]""]"
903;14;toilet;2011-07-06;"[""[\""toilet\""]""]"
904;14;work;2011-07-06;"[""[\""work\""]""]"
905;14;work;2011-07-06;"[""[\""work\""]""]"
906;14;snack;2011-07-06;"[""[\""snack\""]""]"
907;14;snack;2011-07-06;"[""[\""snack\""]""]"
908;14;work;2011-07-06;"[""[\""work\""]""]"
909;14;work;2011-07-06;"[""[\""work\""]""]"
910;14;personalhygiene;2011-07-06;"[""[\""personalhygiene\""]""]"
911;14;personalhygiene;2011-07-06;"[""[\""personalhygiene\""]""]"
912;14;work;2011-07-06;"[""[\""work\""]""]"
913;14;work;2011-07-06;"[""[\""work\""]""]"
914;14;personalhygiene;2011-07-06;"[""[\""personalhygiene\""]""]"
915;14;personalhygiene;2011-07-06;"[""[\""personalhygiene\""]""]"
916;14;dress;2011-07-06;"[""[\""dress\""]""]"
917;14;dress;2011-07-06;"[""[\""dress\""]""]"
918;14;personalhygiene;2011-07-06;"[""[\""personalhygiene\""]""]"
919;14;personalhygiene;2011-07-06;"[""[\""personalhygiene\""]""]"
920;14;outdoors;2011-07-06;"[""[\""outdoors\""]""]"
921;14;outdoors;2011-07-06;"[""[\""outdoors\""]""]"
922;14;snack;2011-07-06;"[""[\""snack\""]""]"
923;14;snack;2011-07-06;"[""[\""snack\""]""]"
924;14;relax;2011-07-06;"[""[\""relax\""]""]"
925;14;relax;2011-07-06;"[""[\""relax\""]""]"
926;14;outdoors;2011-07-06;"[""[\""outdoors\""]""]"
927;14;outdoors;2011-07-06;"[""[\""outdoors\""]""]"
928;14;relax;2011-07-06;"[""[\""relax\""]""]"
929;14;relax;2011-07-06;"[""[\""relax\""]""]"
930;14;outdoors;2011-07-06;"[""[\""outdoors\""]""]"
931;14;outdoors;2011-07-06;"[""[\""outdoors\""]""]"
932;14;personalhygiene;2011-07-06;"[""[\""personalhygiene\""]""]"
933;14;personalhygiene;2011-07-06;"[""[\""personalhygiene\""]""]"
934;14;snack;2011-07-06;"[""[\""snack\""]""]"
935;14;snack;2011-07-06;"[""[\""snack\""]""]"
936;14;relax;2011-07-06;"[""[\""relax\""]""]"
937;14;relax;2011-07-06;"[""[\""relax\""]""]"
938;14;mealpreperation;2011-07-06;"[""[\""mealpreperation\""]""]"
939;14;mealpreperation;2011-07-06;"[""[\""mealpreperation\""]""]"
940;14;eatingdrinking;2011-07-06;"[""[\""eatingdrinking\""]""]"
941;14;eatingdrinking;2011-07-06;"[""[\""eatingdrinking\""]""]"
942;14;cleaning;2011-07-06;"[""[\""cleaning\""]""]"
943;14;cleaning;2011-07-06;"[""[\""cleaning\""]""]"
944;14;relax;2011-07-06;"[""[\""relax\""]""]"
945;14;relax;2011-07-06;"[""[\""relax\""]""]"
946;14;outdoors;2011-07-06;"[""[\""outdoors\""]""]"
947;14;outdoors;2011-07-06;"[""[\""outdoors\""]""]"
948;14;relax;2011-07-06;"[""[\""relax\""]""]"
949;14;relax;2011-07-06;"[""[\""relax\""]""]"
950;14;personalhygiene;2011-07-06;"[""[\""personalhygiene\""]""]"
951;14;personalhygiene;2011-07-06;"[""[\""personalhygiene\""]""]"
952;14;groom;2011-07-06;"[""[\""groom\""]""]"
953;14;groom;2011-07-06;"[""[\""groom\""]""]"
954;14;personalhygiene;2011-07-06;"[""[\""personalhygiene\""]""]"
955;14;personalhygiene;2011-07-06;"[""[\""personalhygiene\""]""]"
956;14;sleep;2011-07-06;"[""[\""sleep\""]""]"
957;14;sleep;2011-07-07;"[""[\""sleep\""]""]"
958;14;End;2011-07-07;"[""[\""End\""]""]"
959;14;End;2011-07-07;"[""[\""End\""]""]"
960;15;Start;2011-07-07;"[""[\""Start\""]""]"
961;15;Start;2011-07-07;"[""[\""Start\""]""]"
962;15;toilet;2011-07-07;"[""[\""toilet\""]""]"
963;15;toilet;2011-07-07;"[""[\""toilet\""]""]"
964;15;sleep;2011-07-07;"[""[\""sleep\""]""]"
965;15;sleep;2011-07-07;"[""[\""sleep\""]""]"
966;15;toilet;2011-07-07;"[""[\""toilet\""]""]"
967;15;toilet;2011-07-07;"[""[\""toilet\""]""]"
968;15;sleep;2011-07-07;"[""[\""sleep\""]""]"
969;15;sleep;2011-07-07;"[""[\""sleep\""]""]"
970;15;personalhygiene;2011-07-07;"[""[\""personalhygiene\""]""]"
971;15;personalhygiene;2011-07-07;"[""[\""personalhygiene\""]""]"
972;15;relax;2011-07-07;"[""[\""relax\""]""]"
973;15;relax;2011-07-07;"[""[\""relax\""]""]"
974;15;mealpreperation;2011-07-07;"[""[\""mealpreperation\""]""]"
975;15;mealpreperation;2011-07-07;"[""[\""mealpreperation\""]""]"
976;15;relax;2011-07-07;"[""[\""relax\""]""]"
977;15;relax;2011-07-07;"[""[\""relax\""]""]"
978;15;work;2011-07-07;"[""[\""work\""]""]"
979;15;work;2011-07-07;"[""[\""work\""]""]"
980;15;groom;2011-07-07;"[""[\""groom\""]""]"
981;15;groom;2011-07-07;"[""[\""groom\""]""]"
982;15;personalhygiene;2011-07-07;"[""[\""personalhygiene\""]""]"
983;15;personalhygiene;2011-07-07;"[""[\""personalhygiene\""]""]"
984;15;groom;2011-07-07;"[""[\""groom\""]""]"
985;15;groom;2011-07-07;"[""[\""groom\""]""]"
986;15;personalhygiene;2011-07-07;"[""[\""personalhygiene\""]""]"
987;15;personalhygiene;2011-07-07;"[""[\""personalhygiene\""]""]"
988;15;outdoors;2011-07-07;"[""[\""outdoors\""]""]"
989;15;outdoors;2011-07-07;"[""[\""outdoors\""]""]"
990;15;relax;2011-07-07;"[""[\""relax\""]""]"
991;15;relax;2011-07-07;"[""[\""relax\""]""]"
992;15;outdoors;2011-07-07;"[""[\""outdoors\""]""]"
993;15;outdoors;2011-07-07;"[""[\""outdoors\""]""]"
994;15;relax;2011-07-07;"[""[\""relax\""]""]"
995;15;relax;2011-07-07;"[""[\""relax\""]""]"
996;15;outdoors;2011-07-07;"[""[\""outdoors\""]""]"
997;15;outdoors;2011-07-07;"[""[\""outdoors\""]""]"
998;15;relax;2011-07-07;"[""[\""relax\""]""]"
999;15;relax;2011-07-07;"[""[\""relax\""]""]"
1000;15;personalhygiene;2011-07-07;"[""[\""personalhygiene\""]""]"
1001;15;personalhygiene;2011-07-07;"[""[\""personalhygiene\""]""]"
1002;15;outdoors;2011-07-07;"[""[\""outdoors\""]""]"
1003;15;outdoors;2011-07-07;"[""[\""outdoors\""]""]"
1004;15;sleep;2011-07-07;"[""[\""sleep\""]""]"
1005;15;sleep;2011-07-07;"[""[\""sleep\""]""]"
1006;15;relax;2011-07-07;"[""[\""relax\""]""]"
1007;15;relax;2011-07-07;"[""[\""relax\""]""]"
1008;15;sleep;2011-07-07;"[""[\""sleep\""]""]"
1009;15;sleep;2011-07-07;"[""[\""sleep\""]""]"
1010;15;toilet;2011-07-07;"[""[\""toilet\""]""]"
1011;15;toilet;2011-07-07;"[""[\""toilet\""]""]"
1012;15;snack;2011-07-07;"[""[\""snack\""]""]"
1013;15;snack;2011-07-07;"[""[\""snack\""]""]"
1014;15;eatingdrinking;2011-07-07;"[""[\""eatingdrinking\""]""]"
1015;15;eatingdrinking;2011-07-07;"[""[\""eatingdrinking\""]""]"
1016;15;relax;2011-07-07;"[""[\""relax\""]""]"
1017;15;relax;2011-07-07;"[""[\""relax\""]""]"
1018;15;cleaning;2011-07-07;"[""[\""cleaning\""]""]"
1019;15;cleaning;2011-07-07;"[""[\""cleaning\""]""]"
1020;15;work;2011-07-07;"[""[\""work\""]""]"
1021;15;work;2011-07-07;"[""[\""work\""]""]"
1022;15;groom;2011-07-07;"[""[\""groom\""]""]"
1023;15;groom;2011-07-07;"[""[\""groom\""]""]"
1024;15;relax;2011-07-07;"[""[\""relax\""]""]"
1025;15;relax;2011-07-07;"[""[\""relax\""]""]"
1026;15;groom;2011-07-07;"[""[\""groom\""]""]"
1027;15;groom;2011-07-07;"[""[\""groom\""]""]"
1028;15;personalhygiene;2011-07-07;"[""[\""personalhygiene\""]""]"
1029;15;personalhygiene;2011-07-07;"[""[\""personalhygiene\""]""]"
1030;15;sleep;2011-07-07;"[""[\""sleep\""]""]"
1031;15;sleep;2011-07-08;"[""[\""sleep\""]""]"
1032;15;End;2011-07-08;"[""[\""End\""]""]"
1033;15;End;2011-07-08;"[""[\""End\""]""]"
1034;16;toilet;2011-07-08;"[""[\""toilet\""]""]"
1035;16;Start;2011-07-08;"[""[\""Start\""]""]"
1036;16;Start;2011-07-08;"[""[\""Start\""]""]"
1037;16;toilet;2011-07-08;"[""[\""toilet\""]""]"
1038;16;sleep;2011-07-08;"[""[\""sleep\""]""]"
1039;16;sleep;2011-07-08;"[""[\""sleep\""]""]"
1040;16;toilet;2011-07-08;"[""[\""toilet\""]""]"
1041;16;toilet;2011-07-08;"[""[\""toilet\""]""]"
1042;16;sleep;2011-07-08;"[""[\""sleep\""]""]"
1043;16;sleep;2011-07-08;"[""[\""sleep\""]""]"
1044;16;toilet;2011-07-08;"[""[\""toilet\""]""]"
1045;16;toilet;2011-07-08;"[""[\""toilet\""]""]"
1046;16;relax;2011-07-08;"[""[\""relax\""]""]"
1047;16;relax;2011-07-08;"[""[\""relax\""]""]"
1048;16;mealpreperation;2011-07-08;"[""[\""mealpreperation\""]""]"
1049;16;mealpreperation;2011-07-08;"[""[\""mealpreperation\""]""]"
1050;16;personalhygiene;2011-07-08;"[""[\""personalhygiene\""]""]"
1051;16;personalhygiene;2011-07-08;"[""[\""personalhygiene\""]""]"
1052;16;dress;2011-07-08;"[""[\""dress\""]""]"
1053;16;dress;2011-07-08;"[""[\""dress\""]""]"
1054;16;personalhygiene;2011-07-08;"[""[\""personalhygiene\""]""]"
1055;16;personalhygiene;2011-07-08;"[""[\""personalhygiene\""]""]"
1056;16;outdoors;2011-07-08;"[""[\""outdoors\""]""]"
1057;16;outdoors;2011-07-08;"[""[\""outdoors\""]""]"
1058;16;snack;2011-07-08;"[""[\""snack\""]""]"
1059;16;snack;2011-07-08;"[""[\""snack\""]""]"
1060;16;eatingdrinking;2011-07-08;"[""[\""eatingdrinking\""]""]"
1061;16;eatingdrinking;2011-07-08;"[""[\""eatingdrinking\""]""]"
1062;16;personalhygiene;2011-07-08;"[""[\""personalhygiene\""]""]"
1063;16;personalhygiene;2011-07-08;"[""[\""personalhygiene\""]""]"
1064;16;outdoors;2011-07-08;"[""[\""outdoors\""]""]"
1065;16;outdoors;2011-07-08;"[""[\""outdoors\""]""]"
1066;16;relax;2011-07-08;"[""[\""relax\""]""]"
1067;16;relax;2011-07-08;"[""[\""relax\""]""]"
1068;16;work;2011-07-08;"[""[\""work\""]""]"
1069;16;work;2011-07-08;"[""[\""work\""]""]"
1070;16;personalhygiene;2011-07-08;"[""[\""personalhygiene\""]""]"
1071;16;personalhygiene;2011-07-08;"[""[\""personalhygiene\""]""]"
1072;16;snack;2011-07-08;"[""[\""snack\""]""]"
1073;16;snack;2011-07-08;"[""[\""snack\""]""]"
1074;16;personalhygiene;2011-07-08;"[""[\""personalhygiene\""]""]"
1075;16;personalhygiene;2011-07-08;"[""[\""personalhygiene\""]""]"
1076;16;outdoors;2011-07-08;"[""[\""outdoors\""]""]"
1077;16;outdoors;2011-07-08;"[""[\""outdoors\""]""]"
1078;16;mealpreperation;2011-07-08;"[""[\""mealpreperation\""]""]"
1079;16;mealpreperation;2011-07-08;"[""[\""mealpreperation\""]""]"
1080;16;eatingdrinking;2011-07-08;"[""[\""eatingdrinking\""]""]"
1081;16;eatingdrinking;2011-07-08;"[""[\""eatingdrinking\""]""]"
1082;16;outdoors;2011-07-08;"[""[\""outdoors\""]""]"
1083;16;outdoors;2011-07-08;"[""[\""outdoors\""]""]"
1084;16;cleaning;2011-07-08;"[""[\""cleaning\""]""]"
1085;16;cleaning;2011-07-08;"[""[\""cleaning\""]""]"
1086;16;outdoors;2011-07-08;"[""[\""outdoors\""]""]"
1087;16;outdoors;2011-07-08;"[""[\""outdoors\""]""]"
1088;16;relax;2011-07-08;"[""[\""relax\""]""]"
1089;16;relax;2011-07-08;"[""[\""relax\""]""]"
1090;16;outdoors;2011-07-08;"[""[\""outdoors\""]""]"
1091;16;outdoors;2011-07-08;"[""[\""outdoors\""]""]"
1092;16;personalhygiene;2011-07-08;"[""[\""personalhygiene\""]""]"
1093;16;personalhygiene;2011-07-08;"[""[\""personalhygiene\""]""]"
1094;16;sleep;2011-07-08;"[""[\""sleep\""]""]"
1095;16;End;2011-07-09;"[""[\""End\""]""]"
1096;16;End;2011-07-09;"[""[\""End\""]""]"
1097;16;sleep;2011-07-09;"[""[\""sleep\""]""]"
1098;17;Start;2011-07-09;"[""[\""Start\""]""]"
1099;17;toilet;2011-07-09;"[""[\""toilet\""]""]"
1100;17;Start;2011-07-09;"[""[\""Start\""]""]"
1101;17;toilet;2011-07-09;"[""[\""toilet\""]""]"
1102;17;sleep;2011-07-09;"[""[\""sleep\""]""]"
1103;17;sleep;2011-07-09;"[""[\""sleep\""]""]"
1104;17;toilet;2011-07-09;"[""[\""toilet\""]""]"
1105;17;toilet;2011-07-09;"[""[\""toilet\""]""]"
1106;17;sleep;2011-07-09;"[""[\""sleep\""]""]"
1107;17;sleep;2011-07-09;"[""[\""sleep\""]""]"
1108;17;mealpreperation;2011-07-09;"[""[\""mealpreperation\""]""]"
1109;17;mealpreperation;2011-07-09;"[""[\""mealpreperation\""]""]"
1110;17;eatingdrinking;2011-07-09;"[""[\""eatingdrinking\""]""]"
1111;17;eatingdrinking;2011-07-09;"[""[\""eatingdrinking\""]""]"
1112;17;personalhygiene;2011-07-09;"[""[\""personalhygiene\""]""]"
1113;17;personalhygiene;2011-07-09;"[""[\""personalhygiene\""]""]"
1114;17;dress;2011-07-09;"[""[\""dress\""]""]"
1115;17;dress;2011-07-09;"[""[\""dress\""]""]"
1116;17;personalhygiene;2011-07-09;"[""[\""personalhygiene\""]""]"
1117;17;personalhygiene;2011-07-09;"[""[\""personalhygiene\""]""]"
1118;17;groom;2011-07-09;"[""[\""groom\""]""]"
1119;17;groom;2011-07-09;"[""[\""groom\""]""]"
1120;17;outdoors;2011-07-09;"[""[\""outdoors\""]""]"
1121;17;outdoors;2011-07-09;"[""[\""outdoors\""]""]"
1122;17;toilet;2011-07-09;"[""[\""toilet\""]""]"
1123;17;toilet;2011-07-09;"[""[\""toilet\""]""]"
1124;17;snack;2011-07-09;"[""[\""snack\""]""]"
1125;17;snack;2011-07-09;"[""[\""snack\""]""]"
1126;17;relax;2011-07-09;"[""[\""relax\""]""]"
1127;17;relax;2011-07-09;"[""[\""relax\""]""]"
1128;17;outdoors;2011-07-09;"[""[\""outdoors\""]""]"
1129;17;outdoors;2011-07-09;"[""[\""outdoors\""]""]"
1130;17;snack;2011-07-09;"[""[\""snack\""]""]"
1131;17;snack;2011-07-09;"[""[\""snack\""]""]"
1132;17;relax;2011-07-09;"[""[\""relax\""]""]"
1133;17;relax;2011-07-09;"[""[\""relax\""]""]"
1134;17;cleaning;2011-07-09;"[""[\""cleaning\""]""]"
1135;17;cleaning;2011-07-09;"[""[\""cleaning\""]""]"
1136;17;mealpreperation;2011-07-09;"[""[\""mealpreperation\""]""]"
1137;17;mealpreperation;2011-07-09;"[""[\""mealpreperation\""]""]"
1138;17;eatingdrinking;2011-07-09;"[""[\""eatingdrinking\""]""]"
1139;17;eatingdrinking;2011-07-09;"[""[\""eatingdrinking\""]""]"
1140;17;personalhygiene;2011-07-09;"[""[\""personalhygiene\""]""]"
1141;17;personalhygiene;2011-07-09;"[""[\""personalhygiene\""]""]"
1142;17;read;2011-07-09;"[""[\""read\""]""]"
1143;17;read;2011-07-09;"[""[\""read\""]""]"
1144;17;relax;2011-07-09;"[""[\""relax\""]""]"
1145;17;relax;2011-07-09;"[""[\""relax\""]""]"
1146;17;personalhygiene;2011-07-09;"[""[\""personalhygiene\""]""]"
1147;17;personalhygiene;2011-07-09;"[""[\""personalhygiene\""]""]"
1148;17;sleep;2011-07-09;"[""[\""sleep\""]""]"
1149;17;End;2011-07-10;"[""[\""End\""]""]"
1150;17;sleep;2011-07-10;"[""[\""sleep\""]""]"
1151;17;End;2011-07-10;"[""[\""End\""]""]"
